,District,Pincode,Soil_Type,Nitrogen_kg_ha,Micronutrients_JSON,Last_Updated,Soil_pH_min,Soil_pH_max,Organic_Carbon_Percent_min,Organic_Carbon_Percent_max,Phosphorus_kg_ha_min,Phosphorus_kg_ha_max,Potassium_kg_ha_min,Potassium_kg_ha_max,EC_dS_m_min,EC_dS_m_max
1,Ajmer,305005,"Sandy, Red, Loamy",0,0,2024-25,7.2,8.6,0.24,0.39,19.0,38.0,262.0,310.0,0.15,0.16
2,Ajmer,305023,"Sandy, Red, Loamy",0,0,2024-25,7.2,8.6,0.24,0.39,19.0,38.0,262.0,310.0,0.15,0.16
3,Ajmer,305024,"Sandy, Red, Loamy",0,0,2024-25,7.2,8.6,0.24,0.39,19.0,38.0,262.0,310.0,0.15,0.16
4,Ajmer,305205,"Sandy, Red, Loamy",0,0,2024-25,7.2,8.6,0.24,0.39,19.0,38.0,262.0,310.0,0.15,0.16
5,Ajmer,305206,"Sandy, Red, Loamy",0,0,2024-25,7.2,8.6,0.24,0.39,19.0,38.0,262.0,310.0,0.15,0.16
6,Ajmer,305801,"Sandy, Red, Loamy",0,0,2024-25,7.2,8.6,0.24,0.39,19.0,38.0,262.0,310.0,0.15,0.16
7,Ajmer,305813,"Sandy, Red, Loamy",0,0,2024-25,7.2,8.6,0.24,0.39,19.0,38.0,262.0,310.0,0.15,0.16
8,Ajmer,305802,"Sandy, Red, Loamy",0,0,2024-25,7.2,8.6,0.24,0.39,19.0,38.0,262.0,310.0,0.15,0.16
9,Ajmer,305811,"Sandy, Red, Loamy",0,0,2024-25,7.2,8.6,0.24,0.39,19.0,38.0,262.0,310.0,0.15,0.16
10,Ajmer,305814,"Sandy, Red, Loamy",0,0,2024-25,7.2,8.6,0.24,0.39,19.0,38.0,262.0,310.0,0.15,0.16
11,Ajmer,305815,"Sandy, Red, Loamy",0,0,2024-25,7.2,8.6,0.24,0.39,19.0,38.0,262.0,310.0,0.15,0.16
12,Ajmer,305025,"Sandy, Red, Loamy",0,0,2024-25,7.2,8.6,0.24,0.39,19.0,38.0,262.0,310.0,0.15,0.16
13,Ajmer,305901,"Sandy, Red, Loamy",0,0,2024-25,7.2,8.6,0.24,0.39,19.0,38.0,262.0,310.0,0.15,0.16
14,Ajmer,305631,"Sandy, Red, Loamy",0,0,2024-25,7.2,8.6,0.24,0.39,19.0,38.0,262.0,310.0,0.15,0.16
15,Ajmer,305621,"Sandy, Red, Loamy",0,0,2024-25,7.2,8.6,0.24,0.39,19.0,38.0,262.0,310.0,0.15,0.16
16,Ajmer,305926,"Sandy, Red, Loamy",0,0,2024-25,7.2,8.6,0.24,0.39,19.0,38.0,262.0,310.0,0.15,0.16
17,Ajmer,305622,"Sandy, Red, Loamy",0,0,2024-25,7.2,8.6,0.24,0.39,19.0,38.0,262.0,310.0,0.15,0.16
18,Ajmer,305624,"Sandy, Red, Loamy",0,0,2024-25,7.2,8.6,0.24,0.39,19.0,38.0,262.0,310.0,0.15,0.16
19,Ajmer,305625,"Sandy, Red, Loamy",0,0,2024-25,7.2,8.6,0.24,0.39,19.0,38.0,262.0,310.0,0.15,0.16
20,Ajmer,305630,"Sandy, Red, Loamy",0,0,2024-25,7.2,8.6,0.24,0.39,19.0,38.0,262.0,310.0,0.15,0.16
21,Ajmer,305927,"Sandy, Red, Loamy",0,0,2024-25,7.2,8.6,0.24,0.39,19.0,38.0,262.0,310.0,0.15,0.16
22,Ajmer,305202,"Sandy, Red, Loamy",0,0,2024-25,7.2,8.6,0.24,0.39,19.0,38.0,262.0,310.0,0.15,0.16
23,Ajmer,305923,"Sandy, Red, Loamy",0,0,2024-25,7.2,8.6,0.24,0.39,19.0,38.0,262.0,310.0,0.15,0.16
24,Ajmer,305623,"Sandy, Red, Loamy",0,0,2024-25,7.2,8.6,0.24,0.39,19.0,38.0,262.0,310.0,0.15,0.16
25,Ajmer,305204,"Sandy, Red, Loamy",0,0,2024-25,7.2,8.6,0.24,0.39,19.0,38.0,262.0,310.0,0.15,0.16
26,Ajmer,305925,"Sandy, Red, Loamy",0,0,2024-25,7.2,8.6,0.24,0.39,19.0,38.0,262.0,310.0,0.15,0.16
27,Ajmer,305402,"Sandy, Red, Loamy",0,0,2024-25,7.2,8.6,0.24,0.39,19.0,38.0,262.0,310.0,0.15,0.16
28,Ajmer,305601,"Sandy, Red, Loamy",0,0,2024-25,7.2,8.6,0.24,0.39,19.0,38.0,262.0,310.0,0.15,0.16
29,Ajmer,305408,"Sandy, Red, Loamy",0,0,2024-25,7.2,8.6,0.24,0.39,19.0,38.0,262.0,310.0,0.15,0.16
30,Ajmer,305629,"Sandy, Red, Loamy",0,0,2024-25,7.2,8.6,0.24,0.39,19.0,38.0,262.0,310.0,0.15,0.16
31,Ajmer,305412,"Sandy, Red, Loamy",0,0,2024-25,7.2,8.6,0.24,0.39,19.0,38.0,262.0,310.0,0.15,0.16
32,Ajmer,305406,"Sandy, Red, Loamy",0,0,2024-25,7.2,8.6,0.24,0.39,19.0,38.0,262.0,310.0,0.15,0.16
33,Ajmer,305405,"Sandy, Red, Loamy",0,0,2024-25,7.2,8.6,0.24,0.39,19.0,38.0,262.0,310.0,0.15,0.16
34,Ajmer,305404,"Sandy, Red, Loamy",0,0,2024-25,7.2,8.6,0.24,0.39,19.0,38.0,262.0,310.0,0.15,0.16
35,Ajmer,305628,"Sandy, Red, Loamy",0,0,2024-25,7.2,8.6,0.24,0.39,19.0,38.0,262.0,310.0,0.15,0.16
36,Ajmer,305403,"Sandy, Red, Loamy",0,0,2024-25,7.2,8.6,0.24,0.39,19.0,38.0,262.0,310.0,0.15,0.16
37,Ajmer,305407,"Sandy, Red, Loamy",0,0,2024-25,7.2,8.6,0.24,0.39,19.0,38.0,262.0,310.0,0.15,0.16
38,Ajmer,305001,"Sandy, Red, Loamy",0,0,2024-25,7.2,8.6,0.24,0.39,19.0,38.0,262.0,310.0,0.15,0.16
39,Ajmer,305003,"Sandy, Red, Loamy",0,0,2024-25,7.2,8.6,0.24,0.39,19.0,38.0,262.0,310.0,0.15,0.16
40,Ajmer,305021,"Sandy, Red, Loamy",0,0,2024-25,7.2,8.6,0.24,0.39,19.0,38.0,262.0,310.0,0.15,0.16
41,Ajmer,305004,"Sandy, Red, Loamy",0,0,2024-25,7.2,8.6,0.24,0.39,19.0,38.0,262.0,310.0,0.15,0.16
42,Ajmer,305816,"Sandy, Red, Loamy",0,0,2024-25,7.2,8.6,0.24,0.39,19.0,38.0,262.0,310.0,0.15,0.16
43,Ajmer,305922,"Sandy, Red, Loamy",0,0,2024-25,7.2,8.6,0.24,0.39,19.0,38.0,262.0,310.0,0.15,0.16
44,Ajmer,305203,"Sandy, Red, Loamy",0,0,2024-25,7.2,8.6,0.24,0.39,19.0,38.0,262.0,310.0,0.15,0.16
45,Ajmer,305924,"Sandy, Red, Loamy",0,0,2024-25,7.2,8.6,0.24,0.39,19.0,38.0,262.0,310.0,0.15,0.16
46,Ajmer,305002,"Sandy, Red, Loamy",0,0,2024-25,7.2,8.6,0.24,0.39,19.0,38.0,262.0,310.0,0.15,0.16
47,Ajmer,305022,"Sandy, Red, Loamy",0,0,2024-25,7.2,8.6,0.24,0.39,19.0,38.0,262.0,310.0,0.15,0.16
48,Ajmer,305812,"Sandy, Red, Loamy",0,0,2024-25,7.2,8.6,0.24,0.39,19.0,38.0,262.0,310.0,0.15,0.16
49,Ajmer,305401,"Sandy, Red, Loamy",0,0,2024-25,7.2,8.6,0.24,0.39,19.0,38.0,262.0,310.0,0.15,0.16
50,Ajmer,305207,"Sandy, Red, Loamy",0,0,2024-25,7.2,8.6,0.24,0.39,19.0,38.0,262.0,310.0,0.15,0.16
51,Ajmer,305627,"Sandy, Red, Loamy",0,0,2024-25,7.2,8.6,0.24,0.39,19.0,38.0,262.0,310.0,0.15,0.16
52,Ajmer,305415,"Sandy, Red, Loamy",0,0,2024-25,7.2,8.6,0.24,0.39,19.0,38.0,262.0,310.0,0.15,0.16
53,Ajmer,305012,"Sandy, Red, Loamy",0,0,2024-25,7.2,8.6,0.24,0.39,19.0,38.0,262.0,310.0,0.15,0.16
54,Ajmer,305006,"Sandy, Red, Loamy",0,0,2024-25,7.2,8.6,0.24,0.39,19.0,38.0,262.0,310.0,0.15,0.16
55,Ajmer,305007,"Sandy, Red, Loamy",0,0,2024-25,7.2,8.6,0.24,0.39,19.0,38.0,262.0,310.0,0.15,0.16
56,Ajmer,305817,"Sandy, Red, Loamy",0,0,2024-25,7.2,8.6,0.24,0.39,19.0,38.0,262.0,310.0,0.15,0.16
57,Ajmer,305819,"Sandy, Red, Loamy",0,0,2024-25,7.2,8.6,0.24,0.39,19.0,38.0,262.0,310.0,0.15,0.16
58,Ajmer,305201,"Sandy, Red, Loamy",0,0,2024-25,7.2,8.6,0.24,0.39,19.0,38.0,262.0,310.0,0.15,0.16
59,Ajmer,305009,"Sandy, Red, Loamy",0,0,2024-25,7.2,8.6,0.24,0.39,19.0,38.0,262.0,310.0,0.15,0.16
60,Alwar,301001,"Sandy Loam, Arid",0,0,2024-25,7.0,8.4,0.18,0.45,7.0,58.0,140.0,650.0,0.29,0.64
61,Alwar,301028,"Sandy Loam, Arid",0,0,2024-25,7.0,8.4,0.18,0.45,7.0,58.0,140.0,650.0,0.29,0.64
62,Alwar,301021,"Sandy Loam, Arid",0,0,2024-25,7.0,8.4,,,,,,,,
63,Alwar,301414,"Sandy Loam, Arid",0,0,2024-25,7.0,8.4,,,,,,,,
64,Alwar,301413,"Sandy Loam, Arid",0,0,2024-25,7.0,8.4,,,,,,,,
65,Alwar,301604,"Sandy Loam, Arid",0,0,2024-25,7.0,8.4,0.18,0.45,,,,,3.2,4.6
66,Alwar,321605,"Sandy Loam, Arid",0,0,2024-25,7.0,8.4,0.18,0.53,30.0,44.0,100.0,140.0,1.1,1.8
67,Alwar,321606,"Sandy Loam, Arid",0,0,2024-25,7.0,8.4,0.18,0.53,30.0,44.0,100.0,140.0,1.1,1.8
68,Alwar,301405,"Sandy Loam, Arid",0,0,2024-25,7.0,8.4,,,,,,,,
69,Alwar,301702,"Sandy Loam, Arid",0,0,2024-25,7.0,8.4,,,,,,,,
70,Alwar,321607,"Sandy Loam, Arid",0,0,2024-25,7.0,8.4,,,,,,,,
71,Alwar,301406,"Sandy Loam, Arid",0,0,2024-25,7.0,8.4,,,,,,,,
72,Alwar,301030,"Sandy Loam, Arid",0,0,2024-25,7.0,8.4,0.36,0.9,28.0,34.0,810.0,1360.0,0.62,1.05
73,Alwar,321633,"Sandy Loam, Arid",0,0,2024-25,7.0,8.4,,,27.0,44.0,100.0,440.0,0.77,2.2
74,Alwar,301024,"Sandy Loam, Arid",0,0,2024-25,7.0,8.4,0.22,0.36,31.0,59.0,100.0,130.0,0.44,0.48
75,Alwar,301025,"Sandy Loam, Arid",0,0,2024-25,7.0,8.4,0.22,0.36,31.0,59.0,100.0,130.0,0.44,0.48
76,Alwar,301408,"Sandy Loam, Arid",0,0,2024-25,7.0,8.4,,,,,,,,
77,Alwar,301415,"Sandy Loam, Arid",0,0,2024-25,7.0,8.4,,,,,,,,
78,Alwar,301026,"Sandy Loam, Arid",0,0,2024-25,7.0,8.4,0.36,0.39,28.0,34.0,140.0,150.0,0.54,0.55
79,Alwar,301409,"Sandy Loam, Arid",0,0,2024-25,7.0,8.4,,,,,,,,
80,Alwar,301035,"Sandy Loam, Arid",0,0,2024-25,7.0,8.4,0.24,0.31,31.0,58.0,110.0,140.0,0.99,1.43
81,Alwar,301707,"Sandy Loam, Arid",0,0,2024-25,7.0,8.4,,,,,,,,
82,Alwar,301022,"Sandy Loam, Arid",0,0,2024-25,7.0,8.4,0.22,0.36,31.0,59.0,,,0.44,0.48
83,Alwar,301411,"Sandy Loam, Arid",0,0,2024-25,7.0,8.4,,,,,,,,
84,Alwar,301701,"Sandy Loam, Arid",0,0,2024-25,7.0,8.4,,,,,,,,
85,Alwar,301401,"Sandy Loam, Arid",0,0,2024-25,7.0,8.4,,,,,,,,
86,Alwar,301403,"Sandy Loam, Arid",0,0,2024-25,7.0,8.4,,,,,,,,
87,Alwar,301402,"Sandy Loam, Arid",0,0,2024-25,7.0,8.4,,,,,,,,
88,Alwar,301709,"Sandy Loam, Arid",0,0,2024-25,7.0,8.4,,,,,,,,
89,Alwar,301713,"Sandy Loam, Arid",0,0,2024-25,7.0,8.4,,,,,,,,
90,Alwar,301427,"Sandy Loam, Arid",0,0,2024-25,7.0,8.4,,,,,,,,
91,Alwar,301708,"Sandy Loam, Arid",0,0,2024-25,7.0,8.4,,,,,,,,
92,Alwar,301407,"Sandy Loam, Arid",0,0,2024-25,7.0,8.4,,,,,,,,
93,Alwar,301704,"Sandy Loam, Arid",0,0,2024-25,7.0,8.4,,,,,,,,
94,Alwar,301705,"Sandy Loam, Arid",0,0,2024-25,7.0,8.4,,,,,,,,
95,Alwar,301706,"Sandy Loam, Arid",0,0,2024-25,7.0,8.4,,,,,,,,
96,Alwar,301023,"Sandy Loam, Arid",0,0,2024-25,7.0,8.4,0.22,0.36,31.0,59.0,100.0,130.0,0.44,0.48
97,Alwar,301404,"Sandy Loam, Arid",0,0,2024-25,7.0,8.4,,,,,,,,
98,Alwar,301416,"Sandy Loam, Arid",0,0,2024-25,7.0,8.4,,,,,,,,
99,Alwar,301018,"Sandy Loam, Arid",0,0,2024-25,7.0,8.4,0.22,0.36,31.0,59.0,100.0,130.0,0.44,0.48
100,Alwar,301027,"Sandy Loam, Arid",0,0,2024-25,7.0,8.4,0.22,0.36,31.0,59.0,100.0,130.0,0.44,0.48
101,Alwar,301410,"Sandy Loam, Arid",0,0,2024-25,7.0,8.4,,,,,,,,
102,Alwar,301714,"Sandy Loam, Arid",0,0,2024-25,7.0,8.4,,,,,,,,
103,Alwar,301412,"Sandy Loam, Arid",0,0,2024-25,7.0,8.4,,,,,,,,
104,Alwar,301703,"Sandy Loam, Arid",0,0,2024-25,7.0,8.4,,,,,,,,
105,Alwar,301020,"Sandy Loam, Arid",0,0,2024-25,7.0,8.4,0.22,0.36,31.0,59.0,100.0,130.0,0.44,0.48
106,Banswara,327001,"Red, Black",0,0,2024-25,6.0,7.5,0.15,0.66,20.0,37.0,250.0,345.0,0.04,0.5
107,Banswara,327031,"Red, Black",0,0,2024-25,6.0,7.5,0.15,0.66,20.0,37.0,250.0,345.0,0.04,0.5
108,Banswara,327032,"Red, Black",0,0,2024-25,6.0,7.5,0.15,0.66,20.0,37.0,250.0,345.0,0.04,0.5
109,Banswara,327601,"Red, Black",0,0,2024-25,6.0,7.5,0.15,0.66,20.0,37.0,250.0,345.0,0.04,0.5
110,Banswara,327604,"Red, Black",0,0,2024-25,6.0,7.5,0.15,0.66,20.0,37.0,250.0,345.0,0.04,0.5
111,Banswara,327021,"Red, Black",0,0,2024-25,6.0,7.5,0.15,0.66,20.0,37.0,250.0,345.0,0.04,0.5
112,Banswara,327022,"Red, Black",0,0,2024-25,6.0,7.5,0.15,0.66,20.0,37.0,250.0,345.0,0.04,0.5
113,Banswara,327023,"Red, Black",0,0,2024-25,6.0,7.5,0.15,0.66,20.0,37.0,250.0,345.0,0.04,0.5
114,Banswara,327606,"Red, Black",0,0,2024-25,6.0,7.5,0.15,0.66,20.0,37.0,250.0,345.0,0.04,0.5
115,Banswara,327027,"Red, Black",0,0,2024-25,6.0,7.5,0.15,0.66,20.0,37.0,250.0,345.0,0.04,0.5
116,Banswara,327801,"Red, Black",0,0,2024-25,6.0,7.5,0.15,0.66,20.0,37.0,250.0,345.0,0.04,0.5
117,Banswara,327605,"Red, Black",0,0,2024-25,6.0,7.5,0.15,0.66,20.0,37.0,250.0,345.0,0.04,0.5
118,Banswara,327026,"Red, Black",0,0,2024-25,6.0,7.5,0.15,0.66,20.0,37.0,250.0,345.0,0.04,0.5
119,Banswara,327602,"Red, Black",0,0,2024-25,6.0,7.5,0.15,0.66,20.0,37.0,250.0,345.0,0.04,0.5
120,Banswara,327025,"Red, Black",0,0,2024-25,6.0,7.5,0.15,0.66,20.0,37.0,250.0,345.0,0.04,0.5
121,Banswara,327024,"Red, Black",0,0,2024-25,6.0,7.5,0.15,0.66,20.0,37.0,250.0,345.0,0.04,0.5
122,Banswara,327034,"Red, Black",0,0,2024-25,6.0,7.5,0.15,0.66,20.0,37.0,250.0,345.0,0.04,0.5
123,Baran,325209,"Black, Sandy",0,0,2024-25,6.5,7.8,0.17,0.6,14.0,58.0,185.0,343.0,0.36,0.7
124,Baran,325202,"Black, Sandy",0,0,2024-25,6.5,7.8,0.17,0.6,14.0,58.0,185.0,343.0,0.36,0.7
125,Baran,325223,"Black, Sandy",0,0,2024-25,6.5,7.8,0.17,0.6,14.0,58.0,185.0,343.0,0.36,0.7
126,Baran,325218,"Black, Sandy",0,0,2024-25,6.5,7.8,0.17,0.6,14.0,58.0,185.0,343.0,0.36,0.7
127,Baran,325207,"Black, Sandy",0,0,2024-25,6.5,7.8,0.17,0.6,14.0,58.0,185.0,343.0,0.36,0.7
128,Baran,325205,"Black, Sandy",0,0,2024-25,6.5,7.8,0.17,0.6,14.0,58.0,185.0,343.0,0.36,0.7
129,Baran,325222,"Black, Sandy",0,0,2024-25,6.5,7.8,0.17,0.6,14.0,58.0,185.0,343.0,0.36,0.7
130,Baran,325220,"Black, Sandy",0,0,2024-25,6.5,7.8,0.17,0.6,14.0,58.0,185.0,343.0,0.36,0.7
131,Baran,325221,"Black, Sandy",0,0,2024-25,6.5,7.8,0.17,0.6,14.0,58.0,185.0,343.0,0.36,0.7
132,Baran,325216,"Black, Sandy",0,0,2024-25,6.5,7.8,0.17,0.6,14.0,58.0,185.0,343.0,0.36,0.7
133,Baran,325215,"Black, Sandy",0,0,2024-25,6.5,7.8,0.17,0.6,14.0,58.0,185.0,343.0,0.36,0.7
134,Baran,325219,"Black, Sandy",0,0,2024-25,6.5,7.8,0.17,0.6,14.0,58.0,185.0,343.0,0.36,0.7
135,Baran,325217,"Black, Sandy",0,0,2024-25,6.5,7.8,0.17,0.6,14.0,58.0,185.0,343.0,0.36,0.7
136,Baran,325206,"Black, Sandy",0,0,2024-25,6.5,7.8,0.17,0.6,14.0,58.0,185.0,343.0,0.36,0.7
137,Baran,325224,"Black, Sandy",0,0,2024-25,6.5,7.8,0.17,0.6,14.0,58.0,185.0,343.0,0.36,0.7
138,Barmer,344001,Desert Sandy,0,0,2024-25,7.5,9.0,0.16,0.36,25.0,45.0,190.0,310.0,0.12,0.38
139,Barmer,344034,Desert Sandy,0,0,2024-25,7.5,9.0,0.16,0.36,25.0,45.0,190.0,310.0,0.12,0.38
140,Barmer,344022,Desert Sandy,0,0,2024-25,7.5,9.0,0.16,0.36,25.0,45.0,190.0,310.0,0.12,0.38
141,Barmer,344011,Desert Sandy,0,0,2024-25,7.5,9.0,0.16,0.36,25.0,45.0,190.0,310.0,0.12,0.38
142,Barmer,344702,Desert Sandy,0,0,2024-25,7.5,9.0,0.16,0.36,25.0,45.0,190.0,310.0,0.12,0.38
143,Barmer,344704,Desert Sandy,0,0,2024-25,7.5,9.0,0.16,0.36,25.0,45.0,190.0,310.0,0.12,0.38
144,Barmer,344501,Desert Sandy,0,0,2024-25,7.5,9.0,0.16,0.36,25.0,45.0,190.0,310.0,0.12,0.38
145,Barmer,344031,Desert Sandy,0,0,2024-25,7.5,9.0,0.16,0.36,25.0,45.0,190.0,310.0,0.12,0.38
146,Barmer,344033,Desert Sandy,0,0,2024-25,7.5,9.0,0.16,0.36,25.0,45.0,190.0,310.0,0.12,0.38
147,Barmer,344705,Desert Sandy,0,0,2024-25,7.5,9.0,0.16,0.36,25.0,45.0,190.0,310.0,0.12,0.38
148,Barmer,344026,Desert Sandy,0,0,2024-25,7.5,9.0,0.16,0.36,25.0,45.0,190.0,310.0,0.12,0.38
149,Barmer,344035,Desert Sandy,0,0,2024-25,7.5,9.0,0.16,0.36,25.0,45.0,190.0,310.0,0.12,0.38
150,Barmer,344043,Desert Sandy,0,0,2024-25,7.5,9.0,0.16,0.36,25.0,45.0,190.0,310.0,0.12,0.38
151,Barmer,344032,Desert Sandy,0,0,2024-25,7.5,9.0,0.16,0.36,25.0,45.0,190.0,310.0,0.12,0.38
152,Barmer,344801,Desert Sandy,0,0,2024-25,7.5,9.0,0.16,0.36,25.0,45.0,190.0,310.0,0.12,0.38
153,Barmer,344502,Desert Sandy,0,0,2024-25,7.5,9.0,0.16,0.36,25.0,45.0,190.0,310.0,0.12,0.38
154,Barmer,344012,Desert Sandy,0,0,2024-25,7.5,9.0,0.16,0.36,25.0,45.0,190.0,310.0,0.12,0.38
155,Barmer,344703,Desert Sandy,0,0,2024-25,7.5,9.0,0.16,0.36,25.0,45.0,190.0,310.0,0.12,0.38
156,Barmer,344021,Desert Sandy,0,0,2024-25,7.5,9.0,0.16,0.36,25.0,45.0,190.0,310.0,0.12,0.38
157,Barmer,344708,Desert Sandy,0,0,2024-25,7.5,9.0,0.16,0.36,25.0,45.0,190.0,310.0,0.12,0.38
158,Barmer,344706,Desert Sandy,0,0,2024-25,7.5,9.0,0.16,0.36,25.0,45.0,190.0,310.0,0.12,0.38
159,Barmer,344701,Desert Sandy,0,0,2024-25,7.5,9.0,0.16,0.36,25.0,45.0,190.0,310.0,0.12,0.38
160,Barmer,344044,Desert Sandy,0,0,2024-25,7.5,9.0,0.16,0.36,25.0,45.0,190.0,310.0,0.12,0.38
161,Barmer,344037,Desert Sandy,0,0,2024-25,7.5,9.0,0.16,0.36,25.0,45.0,190.0,310.0,0.12,0.38
162,Barmer,344024,Desert Sandy,0,0,2024-25,7.5,9.0,0.16,0.36,25.0,45.0,190.0,310.0,0.12,0.38
163,Barmer,344025,Desert Sandy,0,0,2024-25,7.5,9.0,0.16,0.36,25.0,45.0,190.0,310.0,0.12,0.38
164,Barmer,344027,Desert Sandy,0,0,2024-25,7.5,9.0,0.16,0.36,25.0,45.0,190.0,310.0,0.12,0.38
165,Barmer,344802,Desert Sandy,0,0,2024-25,7.5,9.0,0.16,0.36,25.0,45.0,190.0,310.0,0.12,0.38
166,Bharatpur,321001,"Sandy, Loamy",84-218.4,0,2024-25,7.2,8.2,0.15,0.36,23.0,40.0,124.0,338.0,0.47,0.73
167,Bharatpur,321021,"Sandy, Loamy",84-218.4,0,2024-25,7.2,8.2,0.15,0.36,23.0,40.0,124.0,338.0,0.47,0.73
168,Bharatpur,321026,"Sandy, Loamy",84-218.4,0,2024-25,7.2,8.2,0.15,0.36,23.0,40.0,124.0,338.0,0.47,0.73
169,Bharatpur,321028,"Sandy, Loamy",84-218.4,0,2024-25,7.2,8.2,0.15,0.36,23.0,40.0,124.0,338.0,0.47,0.73
170,Bharatpur,321301,"Sandy, Loamy",84-218.4,0,2024-25,7.2,8.2,0.15,0.36,23.0,40.0,124.0,338.0,0.47,0.73
171,Bharatpur,321025,"Sandy, Loamy",84-218.4,0,2024-25,7.2,8.2,0.15,0.36,23.0,40.0,124.0,338.0,0.47,0.73
172,Bharatpur,321303,"Sandy, Loamy",84-218.4,0,2024-25,7.2,8.2,0.15,0.36,23.0,40.0,124.0,338.0,0.47,0.73
173,Bharatpur,321302,"Sandy, Loamy",84-218.4,0,2024-25,7.2,8.2,0.15,0.36,23.0,40.0,124.0,338.0,0.47,0.73
174,Bharatpur,321203,"Sandy, Loamy",84-218.4,0,2024-25,7.2,8.2,0.15,0.36,23.0,40.0,124.0,338.0,0.47,0.73
175,Bharatpur,321206,"Sandy, Loamy",84-218.4,0,2024-25,7.2,8.2,0.15,0.36,23.0,40.0,124.0,338.0,0.47,0.73
176,Bharatpur,321614,"Sandy, Loamy",84-218.4,0,2024-25,7.2,8.2,0.15,0.36,23.0,40.0,124.0,338.0,0.47,0.73
177,Bharatpur,321409,"Sandy, Loamy",84-218.4,0,2024-25,7.2,8.2,0.15,0.36,23.0,40.0,124.0,338.0,0.47,0.73
178,Bharatpur,321406,"Sandy, Loamy",84-218.4,0,2024-25,7.2,8.2,0.15,0.36,23.0,40.0,124.0,338.0,0.47,0.73
179,Bharatpur,321407,"Sandy, Loamy",84-218.4,0,2024-25,7.2,8.2,0.15,0.36,23.0,40.0,124.0,338.0,0.47,0.73
180,Bharatpur,321601,"Sandy, Loamy",84-218.4,0,2024-25,7.2,8.2,0.15,0.36,23.0,40.0,124.0,338.0,0.47,0.73
181,Bharatpur,321023,"Sandy, Loamy",84-218.4,0,2024-25,7.2,8.2,0.15,0.36,23.0,40.0,124.0,338.0,0.47,0.73
182,Bharatpur,321022,"Sandy, Loamy",84-218.4,0,2024-25,7.2,8.2,0.15,0.36,23.0,40.0,124.0,338.0,0.47,0.73
183,Bharatpur,321602,"Sandy, Loamy",84-218.4,0,2024-25,7.2,8.2,0.15,0.36,23.0,40.0,124.0,338.0,0.47,0.73
184,Bharatpur,321205,"Sandy, Loamy",84-218.4,0,2024-25,7.2,8.2,0.15,0.36,23.0,40.0,124.0,338.0,0.47,0.73
185,Bharatpur,321204,"Sandy, Loamy",84-218.4,0,2024-25,7.2,8.2,0.15,0.36,23.0,40.0,124.0,338.0,0.47,0.73
186,Bharatpur,321615,"Sandy, Loamy",84-218.4,0,2024-25,7.2,8.2,0.15,0.36,23.0,40.0,124.0,338.0,0.47,0.73
187,Bharatpur,321202,"Sandy, Loamy",84-218.4,0,2024-25,7.2,8.2,0.15,0.36,23.0,40.0,124.0,338.0,0.47,0.73
188,Bharatpur,321024,"Sandy, Loamy",84-218.4,0,2024-25,7.2,8.2,0.15,0.36,23.0,40.0,124.0,338.0,0.47,0.73
189,Bharatpur,321405,"Sandy, Loamy",84-218.4,0,2024-25,7.2,8.2,0.15,0.36,23.0,40.0,124.0,338.0,0.47,0.73
190,Bharatpur,321401,"Sandy, Loamy",84-218.4,0,2024-25,7.2,8.2,0.15,0.36,23.0,40.0,124.0,338.0,0.47,0.73
191,Bharatpur,321410,"Sandy, Loamy",84-218.4,0,2024-25,7.2,8.2,0.15,0.36,23.0,40.0,124.0,338.0,0.47,0.73
192,Bharatpur,321411,"Sandy, Loamy",84-218.4,0,2024-25,7.2,8.2,0.15,0.36,23.0,40.0,124.0,338.0,0.47,0.73
193,Bharatpur,321404,"Sandy, Loamy",84-218.4,0,2024-25,7.2,8.2,0.15,0.36,23.0,40.0,124.0,338.0,0.47,0.73
194,Bharatpur,321408,"Sandy, Loamy",84-218.4,0,2024-25,7.2,8.2,0.15,0.36,23.0,40.0,124.0,338.0,0.47,0.73
195,Bharatpur,321642,"Sandy, Loamy",84-218.4,0,2024-25,7.2,8.2,0.15,0.36,23.0,40.0,124.0,338.0,0.47,0.73
196,Bharatpur,321201,"Sandy, Loamy",84-218.4,0,2024-25,7.2,8.2,0.15,0.36,23.0,40.0,124.0,338.0,0.47,0.73
197,Bharatpur,321403,"Sandy, Loamy",84-218.4,0,2024-25,7.2,8.2,0.15,0.36,23.0,40.0,124.0,338.0,0.47,0.73
198,Bharatpur,321402,"Sandy, Loamy",84-218.4,0,2024-25,7.2,8.2,0.15,0.36,23.0,40.0,124.0,338.0,0.47,0.73
199,Bhilwara,311301,"Sandy, Loamy",0,0,2024-25,7.0,8.4,0.03,0.93,15.0,50.0,234.0,333.0,0.65,2.1
200,Bhilwara,311302,"Sandy, Loamy",0,0,2024-25,7.0,8.4,0.03,0.93,15.0,50.0,234.0,333.0,0.65,2.1
201,Bhilwara,311402,"Sandy, Loamy",0,0,2024-25,7.0,8.4,0.03,0.93,15.0,50.0,234.0,333.0,0.65,2.1
202,Bhilwara,311401,"Sandy, Loamy",0,0,2024-25,7.0,8.4,0.03,0.93,15.0,50.0,234.0,333.0,0.65,2.1
203,Bhilwara,311601,"Sandy, Loamy",0,0,2024-25,7.0,8.4,0.03,0.93,15.0,50.0,234.0,333.0,0.65,2.1
204,Bhilwara,311602,"Sandy, Loamy",0,0,2024-25,7.0,8.4,0.03,0.93,15.0,50.0,234.0,333.0,0.65,2.1
205,Bhilwara,311801,"Sandy, Loamy",0,0,2024-25,7.0,8.4,0.03,0.93,15.0,50.0,234.0,333.0,0.65,2.1
206,Bhilwara,311025,"Sandy, Loamy",0,0,2024-25,7.0,8.4,0.03,0.93,15.0,50.0,234.0,333.0,0.65,2.1
207,Bhilwara,311201,"Sandy, Loamy",0,0,2024-25,7.0,8.4,0.03,0.93,15.0,50.0,234.0,333.0,0.65,2.1
208,Bhilwara,311605,"Sandy, Loamy",0,0,2024-25,7.0,8.4,0.03,0.93,15.0,50.0,234.0,333.0,0.65,2.1
209,Bhilwara,311603,"Sandy, Loamy",0,0,2024-25,7.0,8.4,0.03,0.93,15.0,50.0,234.0,333.0,0.65,2.1
210,Bhilwara,311403,"Sandy, Loamy",0,0,2024-25,7.0,8.4,0.03,0.93,15.0,50.0,234.0,333.0,0.65,2.1
211,Bhilwara,311606,"Sandy, Loamy",0,0,2024-25,7.0,8.4,0.03,0.93,15.0,50.0,234.0,333.0,0.65,2.1
212,Bhilwara,311604,"Sandy, Loamy",0,0,2024-25,7.0,8.4,0.03,0.93,15.0,50.0,234.0,333.0,0.65,2.1
213,Bhilwara,311026,"Sandy, Loamy",0,0,2024-25,7.0,8.4,0.03,0.93,15.0,50.0,234.0,333.0,0.65,2.1
214,Bhilwara,311202,"Sandy, Loamy",0,0,2024-25,7.0,8.4,0.03,0.93,15.0,50.0,234.0,333.0,0.65,2.1
215,Bhilwara,311407,"Sandy, Loamy",0,0,2024-25,7.0,8.4,0.03,0.93,15.0,50.0,234.0,333.0,0.65,2.1
216,Bhilwara,311203,"Sandy, Loamy",0,0,2024-25,7.0,8.4,0.03,0.93,15.0,50.0,234.0,333.0,0.65,2.1
217,Bhilwara,311802,"Sandy, Loamy",0,0,2024-25,7.0,8.4,0.03,0.93,15.0,50.0,234.0,333.0,0.65,2.1
218,Bhilwara,311024,"Sandy, Loamy",0,0,2024-25,7.0,8.4,0.03,0.93,15.0,50.0,234.0,333.0,0.65,2.1
219,Bhilwara,311803,"Sandy, Loamy",0,0,2024-25,7.0,8.4,0.03,0.93,15.0,50.0,234.0,333.0,0.65,2.1
220,Bhilwara,311804,"Sandy, Loamy",0,0,2024-25,7.0,8.4,0.03,0.93,15.0,50.0,234.0,333.0,0.65,2.1
221,Bhilwara,311404,"Sandy, Loamy",0,0,2024-25,7.0,8.4,0.03,0.93,15.0,50.0,234.0,333.0,0.65,2.1
222,Bhilwara,311204,"Sandy, Loamy",0,0,2024-25,7.0,8.4,0.03,0.93,15.0,50.0,234.0,333.0,0.65,2.1
223,Bhilwara,311011,"Sandy, Loamy",0,0,2024-25,7.0,8.4,0.03,0.93,15.0,50.0,234.0,333.0,0.65,2.1
224,Bhilwara,311408,"Sandy, Loamy",0,0,2024-25,7.0,8.4,0.03,0.93,15.0,50.0,234.0,333.0,0.65,2.1
225,Bhilwara,311001,"Sandy, Loamy",0,0,2024-25,7.0,8.4,0.03,0.93,15.0,50.0,234.0,333.0,0.65,2.1
226,Bhilwara,311030,"Sandy, Loamy",0,0,2024-25,7.0,8.4,0.03,0.93,15.0,50.0,234.0,333.0,0.65,2.1
227,Bhilwara,311021,"Sandy, Loamy",0,0,2024-25,7.0,8.4,0.03,0.93,15.0,50.0,234.0,333.0,0.65,2.1
228,Bhilwara,311022,"Sandy, Loamy",0,0,2024-25,7.0,8.4,0.03,0.93,15.0,50.0,234.0,333.0,0.65,2.1
229,Bhilwara,311805,"Sandy, Loamy",0,0,2024-25,7.0,8.4,0.03,0.93,15.0,50.0,234.0,333.0,0.65,2.1
230,Bhilwara,311023,"Sandy, Loamy",0,0,2024-25,7.0,8.4,0.03,0.93,15.0,50.0,234.0,333.0,0.65,2.1
231,Bhilwara,311806,"Sandy, Loamy",0,0,2024-25,7.0,8.4,0.03,0.93,15.0,50.0,234.0,333.0,0.65,2.1
232,Bikaner,334001,"Desert, Saline",0,0,2024-25,7.8,9.0,0.15,0.24,16.0,52.0,266.0,363.0,0.19,0.39
233,Bikaner,334201,"Desert, Saline",0,0,2024-25,7.8,9.0,0.15,0.24,16.0,52.0,266.0,363.0,0.19,0.39
234,Bikaner,334305,"Desert, Saline",0,0,2024-25,7.8,9.0,0.15,0.24,16.0,52.0,266.0,363.0,0.19,0.39
235,Bikaner,334021,"Desert, Saline",0,0,2024-25,7.8,9.0,0.15,0.24,16.0,52.0,266.0,363.0,0.19,0.39
236,Bikaner,334303,"Desert, Saline",0,0,2024-25,7.8,9.0,0.15,0.24,16.0,52.0,266.0,363.0,0.19,0.39
237,Bikaner,334802,"Desert, Saline",0,0,2024-25,7.8,9.0,0.15,0.24,16.0,52.0,266.0,363.0,0.19,0.39
238,Bikaner,334025,"Desert, Saline",0,0,2024-25,7.8,9.0,0.15,0.24,16.0,52.0,266.0,363.0,0.19,0.39
239,Bikaner,334601,"Desert, Saline",0,0,2024-25,7.8,9.0,0.15,0.24,16.0,52.0,266.0,363.0,0.19,0.39
240,Bikaner,334602,"Desert, Saline",0,0,2024-25,7.8,9.0,0.15,0.24,16.0,52.0,266.0,363.0,0.19,0.39
241,Bikaner,334023,"Desert, Saline",0,0,2024-25,7.8,9.0,0.15,0.24,16.0,52.0,266.0,363.0,0.19,0.39
242,Bikaner,334603,"Desert, Saline",0,0,2024-25,7.8,9.0,0.15,0.24,16.0,52.0,266.0,363.0,0.19,0.39
243,Bikaner,334604,"Desert, Saline",0,0,2024-25,7.8,9.0,0.15,0.24,16.0,52.0,266.0,363.0,0.19,0.39
244,Bikaner,331801,"Desert, Saline",0,0,2024-25,7.8,9.0,0.15,0.24,16.0,52.0,266.0,363.0,0.19,0.39
245,Bikaner,334803,"Desert, Saline",0,0,2024-25,7.8,9.0,0.15,0.24,16.0,52.0,266.0,363.0,0.19,0.39
246,Bikaner,334808,"Desert, Saline",0,0,2024-25,7.8,9.0,0.15,0.24,16.0,52.0,266.0,363.0,0.19,0.39
247,Bikaner,331803,"Desert, Saline",0,0,2024-25,7.8,9.0,0.15,0.24,16.0,52.0,266.0,363.0,0.19,0.39
248,Bikaner,334202,"Desert, Saline",0,0,2024-25,7.8,9.0,0.15,0.24,16.0,52.0,266.0,363.0,0.19,0.39
249,Bikaner,334302,"Desert, Saline",0,0,2024-25,7.8,9.0,0.15,0.24,16.0,52.0,266.0,363.0,0.19,0.39
250,Bikaner,331811,"Desert, Saline",0,0,2024-25,7.8,9.0,0.15,0.24,16.0,52.0,266.0,363.0,0.19,0.39
251,Bikaner,334402,"Desert, Saline",0,0,2024-25,7.8,9.0,0.15,0.24,16.0,52.0,266.0,363.0,0.19,0.39
252,Bikaner,334022,"Desert, Saline",0,0,2024-25,7.8,9.0,0.15,0.24,16.0,52.0,266.0,363.0,0.19,0.39
253,Bikaner,334024,"Desert, Saline",0,0,2024-25,7.8,9.0,0.15,0.24,16.0,52.0,266.0,363.0,0.19,0.39
254,Bikaner,334004,"Desert, Saline",0,0,2024-25,7.8,9.0,0.15,0.24,16.0,52.0,266.0,363.0,0.19,0.39
255,Bikaner,334403,"Desert, Saline",0,0,2024-25,7.8,9.0,0.15,0.24,16.0,52.0,266.0,363.0,0.19,0.39
256,Bikaner,334801,"Desert, Saline",0,0,2024-25,7.8,9.0,0.15,0.24,16.0,52.0,266.0,363.0,0.19,0.39
257,Bikaner,334401,"Desert, Saline",0,0,2024-25,7.8,9.0,0.15,0.24,16.0,52.0,266.0,363.0,0.19,0.39
258,Bikaner,334804,"Desert, Saline",0,0,2024-25,7.8,9.0,0.15,0.24,16.0,52.0,266.0,363.0,0.19,0.39
259,Bikaner,334006,"Desert, Saline",0,0,2024-25,7.8,9.0,0.15,0.24,16.0,52.0,266.0,363.0,0.19,0.39
260,Bikaner,334003,"Desert, Saline",0,0,2024-25,7.8,9.0,0.15,0.24,16.0,52.0,266.0,363.0,0.19,0.39
261,Bundi,323026,"Black, Loamy",0,0,2024-25,6.8,8.2,0.2,0.75,22.0,60.0,217.0,630.0,0.3,1.59
262,Bundi,323001,"Black, Loamy",0,0,2024-25,6.8,8.2,0.2,0.75,22.0,60.0,217.0,630.0,0.3,1.59
263,Bundi,323024,"Black, Loamy",0,0,2024-25,6.8,8.2,0.2,0.75,22.0,60.0,217.0,630.0,0.3,1.59
264,Bundi,323301,"Black, Loamy",0,0,2024-25,6.8,8.2,0.2,0.75,22.0,60.0,217.0,630.0,0.3,1.59
265,Bundi,323616,"Black, Loamy",0,0,2024-25,6.8,8.2,0.2,0.75,22.0,60.0,217.0,630.0,0.3,1.59
266,Bundi,323602,"Black, Loamy",0,0,2024-25,6.8,8.2,0.2,0.75,22.0,60.0,217.0,630.0,0.3,1.59
267,Bundi,323803,"Black, Loamy",0,0,2024-25,6.8,8.2,0.2,0.75,22.0,60.0,217.0,630.0,0.3,1.59
268,Bundi,323603,"Black, Loamy",0,0,2024-25,6.8,8.2,0.2,0.75,22.0,60.0,217.0,630.0,0.3,1.59
269,Bundi,323801,"Black, Loamy",0,0,2024-25,6.8,8.2,0.2,0.75,22.0,60.0,217.0,630.0,0.3,1.59
270,Bundi,323022,"Black, Loamy",0,0,2024-25,6.8,8.2,0.2,0.75,22.0,60.0,217.0,630.0,0.3,1.59
271,Bundi,323614,"Black, Loamy",0,0,2024-25,6.8,8.2,0.2,0.75,22.0,60.0,217.0,630.0,0.3,1.59
272,Bundi,323025,"Black, Loamy",0,0,2024-25,6.8,8.2,0.2,0.75,22.0,60.0,217.0,630.0,0.3,1.59
273,Bundi,323023,"Black, Loamy",0,0,2024-25,6.8,8.2,0.2,0.75,22.0,60.0,217.0,630.0,0.3,1.59
274,Bundi,323021,"Black, Loamy",0,0,2024-25,6.8,8.2,0.2,0.75,22.0,60.0,217.0,630.0,0.3,1.59
275,Bundi,323613,"Black, Loamy",0,0,2024-25,6.8,8.2,0.2,0.75,22.0,60.0,217.0,630.0,0.3,1.59
276,Bundi,323601,"Black, Loamy",0,0,2024-25,6.8,8.2,0.2,0.75,22.0,60.0,217.0,630.0,0.3,1.59
277,Bundi,323802,"Black, Loamy",0,0,2024-25,6.8,8.2,0.2,0.75,22.0,60.0,217.0,630.0,0.3,1.59
278,Bundi,323615,"Black, Loamy",0,0,2024-25,6.8,8.2,0.2,0.75,22.0,60.0,217.0,630.0,0.3,1.59
279,Chittorgarh,312025,"Red, Black",0,0,2024-25,6.5,7.8,0.15,0.97,11.0,37.44,136.0,441.48,0.16,1.39
280,Chittorgarh,312024,"Red, Black",0,0,2024-25,6.5,7.8,0.15,0.97,11.0,37.44,136.0,441.48,0.16,1.39
281,Chittorgarh,312205,"Red, Black",0,0,2024-25,6.5,7.8,0.15,0.97,11.0,37.44,136.0,441.48,0.16,1.39
282,Chittorgarh,312401,"Red, Black",0,0,2024-25,6.5,7.8,0.15,0.97,11.0,37.44,136.0,441.48,0.16,1.39
283,Chittorgarh,312403,"Red, Black",0,0,2024-25,6.5,7.8,0.15,0.97,11.0,37.44,136.0,441.48,0.16,1.39
284,Chittorgarh,312022,"Red, Black",0,0,2024-25,6.5,7.8,0.15,0.97,11.0,37.44,136.0,441.48,0.16,1.39
285,Chittorgarh,312023,"Red, Black",0,0,2024-25,6.5,7.8,0.15,0.97,11.0,37.44,136.0,441.48,0.16,1.39
286,Chittorgarh,323307,"Red, Black",0,0,2024-25,6.5,7.8,0.15,0.97,11.0,37.44,136.0,441.48,0.16,1.39
287,Chittorgarh,312602,"Red, Black",0,0,2024-25,6.5,7.8,0.15,0.97,11.0,37.44,136.0,441.48,0.16,1.39
288,Chittorgarh,312202,"Red, Black",0,0,2024-25,6.5,7.8,0.15,0.97,11.0,37.44,136.0,441.48,0.16,1.39
289,Chittorgarh,312204,"Red, Black",0,0,2024-25,6.5,7.8,0.15,0.97,11.0,37.44,136.0,441.48,0.16,1.39
290,Chittorgarh,312614,"Red, Black",0,0,2024-25,6.5,7.8,0.15,0.97,11.0,37.44,136.0,441.48,0.16,1.39
291,Chittorgarh,312404,"Red, Black",0,0,2024-25,6.5,7.8,0.15,0.97,11.0,37.44,136.0,441.48,0.16,1.39
292,Chittorgarh,312402,"Red, Black",0,0,2024-25,6.5,7.8,0.15,0.97,11.0,37.44,136.0,441.48,0.16,1.39
293,Chittorgarh,312021,"Red, Black",0,0,2024-25,6.5,7.8,0.15,0.97,11.0,37.44,136.0,441.48,0.16,1.39
294,Chittorgarh,312901,"Red, Black",0,0,2024-25,6.5,7.8,0.15,0.97,11.0,37.44,136.0,441.48,0.16,1.39
295,Chittorgarh,312201,"Red, Black",0,0,2024-25,6.5,7.8,0.15,0.97,11.0,37.44,136.0,441.48,0.16,1.39
296,Chittorgarh,312027,"Red, Black",0,0,2024-25,6.5,7.8,0.15,0.97,11.0,37.44,136.0,441.48,0.16,1.39
297,Chittorgarh,312620,"Red, Black",0,0,2024-25,6.5,7.8,0.15,0.97,11.0,37.44,136.0,441.48,0.16,1.39
298,Chittorgarh,312603,"Red, Black",0,0,2024-25,6.5,7.8,0.15,0.97,11.0,37.44,136.0,441.48,0.16,1.39
299,Chittorgarh,312606,"Red, Black",0,0,2024-25,6.5,7.8,0.15,0.97,11.0,37.44,136.0,441.48,0.16,1.39
300,Chittorgarh,312601,"Red, Black",0,0,2024-25,6.5,7.8,0.15,0.97,11.0,37.44,136.0,441.48,0.16,1.39
301,Chittorgarh,312206,"Red, Black",0,0,2024-25,6.5,7.8,0.15,0.97,11.0,37.44,136.0,441.48,0.16,1.39
302,Chittorgarh,312203,"Red, Black",0,0,2024-25,6.5,7.8,0.15,0.97,11.0,37.44,136.0,441.48,0.16,1.39
303,Chittorgarh,312613,"Red, Black",0,0,2024-25,6.5,7.8,0.15,0.97,11.0,37.44,136.0,441.48,0.16,1.39
304,Chittorgarh,312612,"Red, Black",0,0,2024-25,6.5,7.8,0.15,0.97,11.0,37.44,136.0,441.48,0.16,1.39
305,Chittorgarh,312207,"Red, Black",0,0,2024-25,6.5,7.8,0.15,0.97,11.0,37.44,136.0,441.48,0.16,1.39
306,Chittorgarh,312622,"Red, Black",0,0,2024-25,6.5,7.8,0.15,0.97,11.0,37.44,136.0,441.48,0.16,1.39
307,Chittorgarh,312617,"Red, Black",0,0,2024-25,6.5,7.8,0.15,0.97,11.0,37.44,136.0,441.48,0.16,1.39
308,Chittorgarh,312627,"Red, Black",0,0,2024-25,6.5,7.8,0.15,0.97,11.0,37.44,136.0,441.48,0.16,1.39
309,Chittorgarh,312628,"Red, Black",0,0,2024-25,6.5,7.8,0.15,0.97,11.0,37.44,136.0,441.48,0.16,1.39
310,Chittorgarh,323304,"Red, Black",0,0,2024-25,6.5,7.8,0.15,0.97,11.0,37.44,136.0,441.48,0.16,1.39
311,Chittorgarh,323305,"Red, Black",0,0,2024-25,6.5,7.8,0.15,0.97,11.0,37.44,136.0,441.48,0.16,1.39
312,Chittorgarh,312001,"Red, Black",0,0,2024-25,6.5,7.8,0.15,0.97,11.0,37.44,136.0,441.48,0.16,1.39
313,Chittorgarh,312629,"Red, Black",0,0,2024-25,6.5,7.8,0.15,0.97,11.0,37.44,136.0,441.48,0.16,1.39
314,Chittorgarh,323303,"Red, Black",0,0,2024-25,6.5,7.8,0.15,0.97,11.0,37.44,136.0,441.48,0.16,1.39
315,Churu,331001,Desert Sandy,0,0,2024-25,7.5,9.0,0.2,0.37,6.0,14.0,143.0,217.0,0.41,0.86
316,Churu,331411,Desert Sandy,0,0,2024-25,7.5,9.0,0.2,0.37,6.0,14.0,143.0,217.0,0.41,0.86
317,Churu,331029,Desert Sandy,0,0,2024-25,7.5,9.0,0.2,0.37,6.0,14.0,143.0,217.0,0.41,0.86
318,Churu,331305,Desert Sandy,0,0,2024-25,7.5,9.0,0.2,0.37,6.0,14.0,143.0,217.0,0.41,0.86
319,Churu,331402,Desert Sandy,0,0,2024-25,7.5,9.0,0.2,0.37,6.0,14.0,143.0,217.0,0.41,0.86
320,Churu,331301,Desert Sandy,0,0,2024-25,7.5,9.0,0.2,0.37,6.0,14.0,143.0,217.0,0.41,0.86
321,Churu,331021,Desert Sandy,0,0,2024-25,7.5,9.0,0.2,0.37,6.0,14.0,143.0,217.0,0.41,0.86
322,Churu,331023,Desert Sandy,0,0,2024-25,7.5,9.0,0.2,0.37,6.0,14.0,143.0,217.0,0.41,0.86
323,Churu,331302,Desert Sandy,0,0,2024-25,7.5,9.0,0.2,0.37,6.0,14.0,143.0,217.0,0.41,0.86
324,Churu,331303,Desert Sandy,0,0,2024-25,7.5,9.0,0.2,0.37,6.0,14.0,143.0,217.0,0.41,0.86
325,Churu,331403,Desert Sandy,0,0,2024-25,7.5,9.0,0.2,0.37,6.0,14.0,143.0,217.0,0.41,0.86
326,Churu,331031,Desert Sandy,0,0,2024-25,7.5,9.0,0.2,0.37,6.0,14.0,143.0,217.0,0.41,0.86
327,Churu,331701,Desert Sandy,0,0,2024-25,7.5,9.0,0.2,0.37,6.0,14.0,143.0,217.0,0.41,0.86
328,Churu,331304,Desert Sandy,0,0,2024-25,7.5,9.0,0.2,0.37,6.0,14.0,143.0,217.0,0.41,0.86
329,Churu,331022,Desert Sandy,0,0,2024-25,7.5,9.0,0.2,0.37,6.0,14.0,143.0,217.0,0.41,0.86
330,Churu,331501,Desert Sandy,0,0,2024-25,7.5,9.0,0.2,0.37,6.0,14.0,143.0,217.0,0.41,0.86
331,Churu,331502,Desert Sandy,0,0,2024-25,7.5,9.0,0.2,0.37,6.0,14.0,143.0,217.0,0.41,0.86
332,Churu,331504,Desert Sandy,0,0,2024-25,7.5,9.0,0.2,0.37,6.0,14.0,143.0,217.0,0.41,0.86
333,Churu,331518,Desert Sandy,0,0,2024-25,7.5,9.0,0.2,0.37,6.0,14.0,143.0,217.0,0.41,0.86
334,Churu,331505,Desert Sandy,0,0,2024-25,7.5,9.0,0.2,0.37,6.0,14.0,143.0,217.0,0.41,0.86
335,Churu,331802,Desert Sandy,0,0,2024-25,7.5,9.0,0.2,0.37,6.0,14.0,143.0,217.0,0.41,0.86
336,Churu,331517,Desert Sandy,0,0,2024-25,7.5,9.0,0.2,0.37,6.0,14.0,143.0,217.0,0.41,0.86
337,Churu,331507,Desert Sandy,0,0,2024-25,7.5,9.0,0.2,0.37,6.0,14.0,143.0,217.0,0.41,0.86
338,Churu,331503,Desert Sandy,0,0,2024-25,7.5,9.0,0.2,0.37,6.0,14.0,143.0,217.0,0.41,0.86
339,Churu,331506,Desert Sandy,0,0,2024-25,7.5,9.0,0.2,0.37,6.0,14.0,143.0,217.0,0.41,0.86
340,Dausa,303303,Sandy Loam,0,0,2024-25,7.2,8.2,0.19,0.3,27.0,43.0,169.0,274.0,0.19,0.41
341,Dausa,303313,Sandy Loam,0,0,2024-25,7.2,8.2,0.19,0.3,27.0,43.0,169.0,274.0,0.19,0.41
342,Dausa,303327,Sandy Loam,0,0,2024-25,7.2,8.2,0.19,0.3,27.0,43.0,169.0,274.0,0.19,0.41
343,Dausa,303315,Sandy Loam,0,0,2024-25,7.2,8.2,0.19,0.3,27.0,43.0,169.0,274.0,0.19,0.41
344,Dausa,303501,Sandy Loam,0,0,2024-25,7.2,8.2,0.19,0.3,27.0,43.0,169.0,274.0,0.19,0.41
345,Dausa,303511,Sandy Loam,0,0,2024-25,7.2,8.2,0.19,0.3,27.0,43.0,169.0,274.0,0.19,0.41
346,Dausa,303304,Sandy Loam,0,0,2024-25,7.2,8.2,0.19,0.3,27.0,43.0,169.0,274.0,0.19,0.41
347,Dausa,303502,Sandy Loam,0,0,2024-25,7.2,8.2,0.19,0.3,27.0,43.0,169.0,274.0,0.19,0.41
348,Dausa,303323,Sandy Loam,0,0,2024-25,7.2,8.2,0.19,0.3,27.0,43.0,169.0,274.0,0.19,0.41
349,Dausa,322240,Sandy Loam,0,0,2024-25,7.2,8.2,0.19,0.3,27.0,43.0,169.0,274.0,0.19,0.41
350,Dausa,303325,Sandy Loam,0,0,2024-25,7.2,8.2,0.19,0.3,27.0,43.0,169.0,274.0,0.19,0.41
351,Dausa,303503,Sandy Loam,0,0,2024-25,7.2,8.2,0.19,0.3,27.0,43.0,169.0,274.0,0.19,0.41
352,Dausa,303004,Sandy Loam,0,0,2024-25,7.2,8.2,0.19,0.3,27.0,43.0,169.0,274.0,0.19,0.41
353,Dausa,321609,Sandy Loam,0,0,2024-25,7.2,8.2,0.19,0.3,27.0,43.0,169.0,274.0,0.19,0.41
354,Dausa,321608,Sandy Loam,0,0,2024-25,7.2,8.2,0.19,0.3,27.0,43.0,169.0,274.0,0.19,0.41
355,Dausa,303504,Sandy Loam,0,0,2024-25,7.2,8.2,0.19,0.3,27.0,43.0,169.0,274.0,0.19,0.41
356,Dausa,303509,Sandy Loam,0,0,2024-25,7.2,8.2,0.19,0.3,27.0,43.0,169.0,274.0,0.19,0.41
357,Dausa,303505,Sandy Loam,0,0,2024-25,7.2,8.2,0.19,0.3,27.0,43.0,169.0,274.0,0.19,0.41
358,Dausa,321612,Sandy Loam,0,0,2024-25,7.2,8.2,0.19,0.3,27.0,43.0,169.0,274.0,0.19,0.41
359,Dausa,303510,Sandy Loam,0,0,2024-25,7.2,8.2,0.19,0.3,27.0,43.0,169.0,274.0,0.19,0.41
360,Dausa,303326,Sandy Loam,0,0,2024-25,7.2,8.2,0.19,0.3,27.0,43.0,169.0,274.0,0.19,0.41
361,Dausa,303302,Sandy Loam,0,0,2024-25,7.2,8.2,0.19,0.3,27.0,43.0,169.0,274.0,0.19,0.41
362,Dausa,321610,Sandy Loam,0,0,2024-25,7.2,8.2,0.19,0.3,27.0,43.0,169.0,274.0,0.19,0.41
363,Dausa,321613,Sandy Loam,0,0,2024-25,7.2,8.2,0.19,0.3,27.0,43.0,169.0,274.0,0.19,0.41
364,Dausa,303507,Sandy Loam,0,0,2024-25,7.2,8.2,0.19,0.3,27.0,43.0,169.0,274.0,0.19,0.41
365,Dausa,303508,Sandy Loam,0,0,2024-25,7.2,8.2,0.19,0.3,27.0,43.0,169.0,274.0,0.19,0.41
366,Dausa,303506,Sandy Loam,0,0,2024-25,7.2,8.2,0.19,0.3,27.0,43.0,169.0,274.0,0.19,0.41
367,Dholpur,328001,"Sandy Loam, Alluvial",56-100.8,0,2024-25,7.0,8.0,0.1,0.18,37.0,40.0,210.0,240.0,0.38,0.43
368,Dholpur,328031,"Sandy Loam, Alluvial",56-100.8,0,2024-25,7.0,8.0,0.1,0.18,37.0,40.0,210.0,240.0,0.38,0.43
369,Dholpur,328021,"Sandy Loam, Alluvial",56-100.8,0,2024-25,7.0,8.0,0.1,0.18,37.0,40.0,210.0,240.0,0.38,0.43
370,Dholpur,328023,"Sandy Loam, Alluvial",56-100.8,0,2024-25,7.0,8.0,0.1,0.18,37.0,40.0,210.0,240.0,0.38,0.43
371,Dholpur,328022,"Sandy Loam, Alluvial",56-100.8,0,2024-25,7.0,8.0,0.1,0.18,37.0,40.0,210.0,240.0,0.38,0.43
372,Dholpur,328041,"Sandy Loam, Alluvial",56-100.8,0,2024-25,7.0,8.0,0.1,0.18,37.0,40.0,210.0,240.0,0.38,0.43
373,Dholpur,328028,"Sandy Loam, Alluvial",56-100.8,0,2024-25,7.0,8.0,0.1,0.18,37.0,40.0,210.0,240.0,0.38,0.43
374,Dholpur,328024,"Sandy Loam, Alluvial",56-100.8,0,2024-25,7.0,8.0,0.1,0.18,37.0,40.0,210.0,240.0,0.38,0.43
375,Dholpur,328029,"Sandy Loam, Alluvial",56-100.8,0,2024-25,7.0,8.0,0.1,0.18,37.0,40.0,210.0,240.0,0.38,0.43
376,Dholpur,328030,"Sandy Loam, Alluvial",56-100.8,0,2024-25,7.0,8.0,0.1,0.18,37.0,40.0,210.0,240.0,0.38,0.43
377,Dholpur,328025,"Sandy Loam, Alluvial",56-100.8,0,2024-25,7.0,8.0,0.1,0.18,37.0,40.0,210.0,240.0,0.38,0.43
378,Dholpur,328027,"Sandy Loam, Alluvial",56-100.8,0,2024-25,7.0,8.0,0.1,0.18,37.0,40.0,210.0,240.0,0.38,0.43
379,Dholpur,328026,"Sandy Loam, Alluvial",56-100.8,0,2024-25,7.0,8.0,0.1,0.18,37.0,40.0,210.0,240.0,0.38,0.43
380,Dungarpur,314001,"Red, Loamy",0,0,2024-25,6.2,7.5,0.42,0.56,23.0,35.0,132.0,351.0,0.22,0.44
381,Dungarpur,314021,"Red, Loamy",0,0,2024-25,6.2,7.5,0.42,0.56,23.0,35.0,132.0,351.0,0.22,0.44
382,Dungarpur,314031,"Red, Loamy",0,0,2024-25,6.2,7.5,0.42,0.56,23.0,35.0,132.0,351.0,0.22,0.44
383,Dungarpur,314801,"Red, Loamy",0,0,2024-25,6.2,7.5,0.42,0.56,23.0,35.0,132.0,351.0,0.22,0.44
384,Dungarpur,314030,"Red, Loamy",0,0,2024-25,6.2,7.5,0.42,0.56,23.0,35.0,132.0,351.0,0.22,0.44
385,Dungarpur,314035,"Red, Loamy",0,0,2024-25,6.2,7.5,0.42,0.56,23.0,35.0,132.0,351.0,0.22,0.44
386,Dungarpur,314036,"Red, Loamy",0,0,2024-25,6.2,7.5,0.42,0.56,23.0,35.0,132.0,351.0,0.22,0.44
387,Dungarpur,314804,"Red, Loamy",0,0,2024-25,6.2,7.5,0.42,0.56,23.0,35.0,132.0,351.0,0.22,0.44
388,Dungarpur,314027,"Red, Loamy",0,0,2024-25,6.2,7.5,0.42,0.56,23.0,35.0,132.0,351.0,0.22,0.44
389,Dungarpur,314401,"Red, Loamy",0,0,2024-25,6.2,7.5,0.42,0.56,23.0,35.0,132.0,351.0,0.22,0.44
390,Dungarpur,314011,"Red, Loamy",0,0,2024-25,6.2,7.5,0.42,0.56,23.0,35.0,132.0,351.0,0.22,0.44
391,Dungarpur,314406,"Red, Loamy",0,0,2024-25,6.2,7.5,0.42,0.56,23.0,35.0,132.0,351.0,0.22,0.44
392,Dungarpur,314028,"Red, Loamy",0,0,2024-25,6.2,7.5,0.42,0.56,23.0,35.0,132.0,351.0,0.22,0.44
393,Dungarpur,314038,"Red, Loamy",0,0,2024-25,6.2,7.5,0.42,0.56,23.0,35.0,132.0,351.0,0.22,0.44
394,Dungarpur,314034,"Red, Loamy",0,0,2024-25,6.2,7.5,0.42,0.56,23.0,35.0,132.0,351.0,0.22,0.44
395,Dungarpur,314022,"Red, Loamy",0,0,2024-25,6.2,7.5,0.42,0.56,23.0,35.0,132.0,351.0,0.22,0.44
396,Dungarpur,314025,"Red, Loamy",0,0,2024-25,6.2,7.5,0.42,0.56,23.0,35.0,132.0,351.0,0.22,0.44
397,Dungarpur,314032,"Red, Loamy",0,0,2024-25,6.2,7.5,0.42,0.56,23.0,35.0,132.0,351.0,0.22,0.44
398,Dungarpur,314403,"Red, Loamy",0,0,2024-25,6.2,7.5,0.42,0.56,23.0,35.0,132.0,351.0,0.22,0.44
399,Dungarpur,314029,"Red, Loamy",0,0,2024-25,6.2,7.5,0.42,0.56,23.0,35.0,132.0,351.0,0.22,0.44
400,Dungarpur,314404,"Red, Loamy",0,0,2024-25,6.2,7.5,0.42,0.56,23.0,35.0,132.0,351.0,0.22,0.44
401,Dungarpur,314037,"Red, Loamy",0,0,2024-25,6.2,7.5,0.42,0.56,23.0,35.0,132.0,351.0,0.22,0.44
402,Dungarpur,314023,"Red, Loamy",0,0,2024-25,6.2,7.5,0.42,0.56,23.0,35.0,132.0,351.0,0.22,0.44
403,Dungarpur,314402,"Red, Loamy",0,0,2024-25,6.2,7.5,0.42,0.56,23.0,35.0,132.0,351.0,0.22,0.44
404,Dungarpur,314026,"Red, Loamy",0,0,2024-25,6.2,7.5,0.42,0.56,23.0,35.0,132.0,351.0,0.22,0.44
405,Dungarpur,314024,"Red, Loamy",0,0,2024-25,6.2,7.5,0.42,0.56,23.0,35.0,132.0,351.0,0.22,0.44
406,Ganganagar,335073,"Alluvial, Loamy",0,0,2024-25,6.2,7.5,0.18,1.03,21.0,36.0,360.0,594.0,0.53,2.82
407,Ganganagar,335805,"Alluvial, Loamy",0,0,2024-25,7.5,8.9,0.18,1.03,21.0,36.0,360.0,594.0,0.53,2.82
408,Ganganagar,335804,"Alluvial, Loamy",0,0,2024-25,7.5,8.9,0.18,1.03,21.0,36.0,360.0,594.0,0.53,2.82
409,Ganganagar,335702,"Alluvial, Loamy",0,0,2024-25,7.5,8.9,0.18,1.03,21.0,36.0,360.0,594.0,0.53,2.82
410,Ganganagar,335002,"Alluvial, Loamy",0,0,2024-25,7.5,8.9,0.18,1.03,21.0,36.0,360.0,594.0,0.53,2.82
411,Ganganagar,335708,"Alluvial, Loamy",0,0,2024-25,7.5,8.9,0.18,1.03,21.0,36.0,360.0,594.0,0.53,2.82
412,Ganganagar,335001,"Alluvial, Loamy",0,0,2024-25,7.5,8.9,0.18,1.03,21.0,36.0,360.0,594.0,0.53,2.82
413,Ganganagar,335701,"Alluvial, Loamy",0,0,2024-25,7.5,8.9,0.18,1.03,21.0,36.0,360.0,594.0,0.53,2.82
414,Ganganagar,335021,"Alluvial, Loamy",0,0,2024-25,7.5,8.9,0.18,1.03,21.0,36.0,360.0,594.0,0.53,2.82
415,Ganganagar,335022,"Alluvial, Loamy",0,0,2024-25,7.5,8.9,0.18,1.03,21.0,36.0,360.0,594.0,0.53,2.82
416,Ganganagar,335024,"Alluvial, Loamy",0,0,2024-25,7.5,8.9,0.18,1.03,21.0,36.0,360.0,594.0,0.53,2.82
417,Ganganagar,335025,"Alluvial, Loamy",0,0,2024-25,7.5,8.9,0.18,1.03,21.0,36.0,360.0,594.0,0.53,2.82
418,Ganganagar,335707,"Alluvial, Loamy",0,0,2024-25,7.5,8.9,0.18,1.03,21.0,36.0,360.0,594.0,0.53,2.82
419,Ganganagar,335901,"Alluvial, Loamy",0,0,2024-25,7.5,8.9,0.18,1.03,21.0,36.0,360.0,594.0,0.53,2.82
420,Ganganagar,335027,"Alluvial, Loamy",0,0,2024-25,7.5,8.9,0.18,1.03,21.0,36.0,360.0,594.0,0.53,2.82
421,Ganganagar,335711,"Alluvial, Loamy",0,0,2024-25,7.5,8.9,0.18,1.03,21.0,36.0,360.0,594.0,0.53,2.82
422,Ganganagar,335038,"Alluvial, Loamy",0,0,2024-25,7.5,8.9,0.18,1.03,21.0,36.0,360.0,594.0,0.53,2.82
423,Ganganagar,335039,"Alluvial, Loamy",0,0,2024-25,7.5,8.9,0.18,1.03,21.0,36.0,360.0,594.0,0.53,2.82
424,Ganganagar,335040,"Alluvial, Loamy",0,0,2024-25,7.5,8.9,0.18,1.03,21.0,36.0,360.0,594.0,0.53,2.82
425,Ganganagar,335041,"Alluvial, Loamy",0,0,2024-25,7.5,8.9,0.18,1.03,21.0,36.0,360.0,594.0,0.53,2.82
426,Ganganagar,335051,"Alluvial, Loamy",0,0,2024-25,7.5,8.9,0.18,1.03,21.0,36.0,360.0,594.0,0.53,2.82
427,Ganganagar,335703,"Alluvial, Loamy",0,0,2024-25,7.5,8.9,0.18,1.03,21.0,36.0,360.0,594.0,0.53,2.82
428,Ganganagar,335061,"Alluvial, Loamy",0,0,2024-25,7.5,8.9,0.18,1.03,21.0,36.0,360.0,594.0,0.53,2.82
429,Ganganagar,335062,"Alluvial, Loamy",0,0,2024-25,7.5,8.9,0.18,1.03,21.0,36.0,360.0,594.0,0.53,2.82
430,Ganganagar,335037,"Alluvial, Loamy",0,0,2024-25,7.5,8.9,0.18,1.03,21.0,36.0,360.0,594.0,0.53,2.82
431,Ganganagar,335042,"Alluvial, Loamy",0,0,2024-25,7.5,8.9,0.18,1.03,21.0,36.0,360.0,594.0,0.53,2.82
432,Hanumangarh,335512,"Alluvial, Sandy",0,0,2024-25,7.5,8.8,0.11,0.33,22.0,39.0,190.0,520.0,0.18,0.75
433,Hanumangarh,335501,"Alluvial, Sandy",0,0,2024-25,7.5,8.8,0.11,0.33,22.0,39.0,190.0,520.0,0.18,0.75
434,Hanumangarh,335511,"Alluvial, Sandy",0,0,2024-25,7.5,8.8,0.11,0.33,22.0,39.0,190.0,520.0,0.18,0.75
435,Hanumangarh,335801,"Alluvial, Sandy",0,0,2024-25,7.5,8.8,0.11,0.33,22.0,39.0,190.0,520.0,0.18,0.75
436,Hanumangarh,335503,"Alluvial, Sandy",0,0,2024-25,7.5,8.8,0.11,0.33,22.0,39.0,190.0,520.0,0.18,0.75
437,Hanumangarh,335504,"Alluvial, Sandy",0,0,2024-25,7.5,8.8,0.11,0.33,22.0,39.0,190.0,520.0,0.18,0.75
438,Hanumangarh,335802,"Alluvial, Sandy",0,0,2024-25,7.5,8.8,0.11,0.33,22.0,39.0,190.0,520.0,0.18,0.75
439,Hanumangarh,335513,"Alluvial, Sandy",0,0,2024-25,7.5,8.8,0.11,0.33,22.0,39.0,190.0,520.0,0.18,0.75
440,Hanumangarh,335502,"Alluvial, Sandy",0,0,2024-25,7.5,8.8,0.11,0.33,22.0,39.0,190.0,520.0,0.18,0.75
441,Hanumangarh,335523,"Alluvial, Sandy",0,0,2024-25,7.5,8.8,0.11,0.33,22.0,39.0,190.0,520.0,0.18,0.75
442,Hanumangarh,335803,"Alluvial, Sandy",0,0,2024-25,7.5,8.8,0.11,0.33,22.0,39.0,190.0,520.0,0.18,0.75
443,Hanumangarh,335521,"Alluvial, Sandy",0,0,2024-25,7.5,8.8,0.11,0.33,22.0,39.0,190.0,520.0,0.18,0.75
444,Hanumangarh,335524,"Alluvial, Sandy",0,0,2024-25,7.5,8.8,0.11,0.33,22.0,39.0,190.0,520.0,0.18,0.75
445,Hanumangarh,335063,"Alluvial, Sandy",0,0,2024-25,7.5,8.8,0.11,0.33,22.0,39.0,190.0,520.0,0.18,0.75
446,Hanumangarh,335526,"Alluvial, Sandy",0,0,2024-25,7.5,8.8,0.11,0.33,22.0,39.0,190.0,520.0,0.18,0.75
447,Hanumangarh,335064,"Alluvial, Sandy",0,0,2024-25,7.5,8.8,0.11,0.33,22.0,39.0,190.0,520.0,0.18,0.75
448,Hanumangarh,335065,"Alluvial, Sandy",0,0,2024-25,7.5,8.8,0.11,0.33,22.0,39.0,190.0,520.0,0.18,0.75
449,Hanumangarh,335525,"Alluvial, Sandy",0,0,2024-25,7.5,8.8,0.11,0.33,22.0,39.0,190.0,520.0,0.18,0.75
450,JAIPUR,302031,"Sandy, Loamy",0,0,2024-25,7.0,8.5,0.3,0.42,22.0,50.0,158.0,293.0,0.29,1.3
451,JAIPUR,302038,"Sandy, Loamy",0,0,2024-25,7.0,8.5,0.3,0.42,22.0,50.0,158.0,293.0,0.29,1.3
452,JAIPUR,302026,"Sandy, Loamy",0,0,2024-25,7.0,8.5,0.3,0.42,22.0,50.0,158.0,293.0,0.29,1.3
453,JAIPUR,302012,"Sandy, Loamy",0,0,2024-25,7.0,8.5,0.3,0.42,22.0,50.0,158.0,293.0,0.29,1.3
454,JAIPUR,303904,"Sandy, Loamy",0,0,2024-25,7.0,8.5,0.3,0.42,22.0,50.0,158.0,293.0,0.29,1.3
455,JAIPUR,302041,"Sandy, Loamy",0,0,2024-25,7.0,8.5,0.3,0.42,22.0,50.0,158.0,293.0,0.29,1.3
456,JAIPUR,303305,"Sandy, Loamy",0,0,2024-25,7.0,8.5,0.3,0.42,22.0,50.0,158.0,293.0,0.29,1.3
457,JAIPUR,303301,"Sandy, Loamy",0,0,2024-25,7.0,8.5,0.3,0.42,22.0,50.0,158.0,293.0,0.29,1.3
458,JAIPUR,302017,"Sandy, Loamy",0,0,2024-25,7.0,8.5,0.3,0.42,22.0,50.0,158.0,293.0,0.29,1.3
459,JAIPUR,303328,"Sandy, Loamy",0,0,2024-25,7.0,8.5,0.3,0.42,22.0,50.0,158.0,293.0,0.29,1.3
460,JAIPUR,303604,"Sandy, Loamy",0,0,2024-25,7.0,8.5,0.3,0.42,22.0,50.0,158.0,293.0,0.29,1.3
461,JAIPUR,303602,"Sandy, Loamy",0,0,2024-25,7.0,8.5,0.3,0.42,22.0,50.0,158.0,293.0,0.29,1.3
462,JAIPUR,303901,"Sandy, Loamy",0,0,2024-25,7.0,8.5,0.3,0.42,22.0,50.0,158.0,293.0,0.29,1.3
463,JAIPUR,303008,"Sandy, Loamy",0,0,2024-25,7.0,8.5,0.3,0.42,22.0,50.0,158.0,293.0,0.29,1.3
464,JAIPUR,303124,"Sandy, Loamy",0,0,2024-25,7.0,8.5,0.3,0.42,22.0,50.0,158.0,293.0,0.29,1.3
465,JAIPUR,303706,"Sandy, Loamy",0,0,2024-25,7.0,8.5,0.3,0.42,22.0,50.0,158.0,293.0,0.29,1.3
466,JAIPUR,303908,"Sandy, Loamy",0,0,2024-25,7.0,8.5,0.3,0.42,22.0,50.0,158.0,293.0,0.29,1.3
467,JAIPUR,303006,"Sandy, Loamy",0,0,2024-25,7.0,8.5,0.3,0.42,22.0,50.0,158.0,293.0,0.29,1.3
468,JAIPUR,303348,"Sandy, Loamy",0,0,2024-25,7.0,8.5,0.3,0.42,22.0,50.0,158.0,293.0,0.29,1.3
469,JAIPUR,303005,"Sandy, Loamy",0,0,2024-25,7.0,8.5,0.3,0.42,22.0,50.0,158.0,293.0,0.29,1.3
470,JAIPUR,303338,"Sandy, Loamy",0,0,2024-25,7.0,8.5,0.3,0.42,22.0,50.0,158.0,293.0,0.29,1.3
471,JAIPUR,303603,"Sandy, Loamy",0,0,2024-25,7.0,8.5,0.3,0.42,22.0,50.0,158.0,293.0,0.29,1.3
472,JAIPUR,303903,"Sandy, Loamy",0,0,2024-25,7.0,8.5,0.3,0.42,22.0,50.0,158.0,293.0,0.29,1.3
473,JAIPUR,303103,"Sandy, Loamy",0,0,2024-25,7.0,8.5,0.3,0.42,22.0,50.0,158.0,293.0,0.29,1.3
474,JAIPUR,303002,"Sandy, Loamy",0,0,2024-25,7.0,8.5,0.3,0.42,22.0,50.0,158.0,293.0,0.29,1.3
475,JAIPUR,303601,"Sandy, Loamy",0,0,2024-25,7.0,8.5,0.3,0.42,22.0,50.0,158.0,293.0,0.29,1.3
476,JAIPUR,303001,"Sandy, Loamy",0,0,2024-25,7.0,8.5,0.3,0.42,22.0,50.0,158.0,293.0,0.29,1.3
477,JAIPUR,303119,"Sandy, Loamy",0,0,2024-25,7.0,8.5,0.3,0.42,22.0,50.0,158.0,293.0,0.29,1.3
478,JAIPUR,303702,"Sandy, Loamy",0,0,2024-25,7.0,8.5,0.3,0.42,22.0,50.0,158.0,293.0,0.29,1.3
479,JAIPUR,303804,"Sandy, Loamy",0,0,2024-25,7.0,8.5,0.3,0.42,22.0,50.0,158.0,293.0,0.29,1.3
480,JAIPUR,303120,"Sandy, Loamy",0,0,2024-25,7.0,8.5,0.3,0.42,22.0,50.0,158.0,293.0,0.29,1.3
481,JAIPUR,303701,"Sandy, Loamy",0,0,2024-25,7.0,8.5,0.3,0.42,22.0,50.0,158.0,293.0,0.29,1.3
482,JAIPUR,303109,"Sandy, Loamy",0,0,2024-25,7.0,8.5,0.3,0.42,22.0,50.0,158.0,293.0,0.29,1.3
483,JAIPUR,303801,"Sandy, Loamy",0,0,2024-25,7.0,8.5,0.3,0.42,22.0,50.0,158.0,293.0,0.29,1.3
484,JAIPUR,303803,"Sandy, Loamy",0,0,2024-25,7.0,8.5,0.3,0.42,22.0,50.0,158.0,293.0,0.29,1.3
485,JAIPUR,303108,"Sandy, Loamy",0,0,2024-25,7.0,8.5,0.3,0.42,22.0,50.0,158.0,293.0,0.29,1.3
486,JAIPUR,303104,"Sandy, Loamy",0,0,2024-25,7.0,8.5,0.3,0.42,22.0,50.0,158.0,293.0,0.29,1.3
487,JAIPUR,303003,"Sandy, Loamy",0,0,2024-25,7.0,8.5,0.3,0.42,22.0,50.0,158.0,293.0,0.29,1.3
488,JAIPUR,303105,"Sandy, Loamy",0,0,2024-25,7.0,8.5,0.3,0.42,22.0,50.0,158.0,293.0,0.29,1.3
489,JAIPUR,303106,"Sandy, Loamy",0,0,2024-25,7.0,8.5,0.3,0.42,22.0,50.0,158.0,293.0,0.29,1.3
490,JAIPUR,303107,"Sandy, Loamy",0,0,2024-25,7.0,8.5,0.3,0.42,22.0,50.0,158.0,293.0,0.29,1.3
491,JAIPUR,303110,"Sandy, Loamy",0,0,2024-25,7.0,8.5,0.3,0.42,22.0,50.0,158.0,293.0,0.29,1.3
492,JAIPUR,303806,"Sandy, Loamy",0,0,2024-25,7.0,8.5,0.3,0.42,22.0,50.0,158.0,293.0,0.29,1.3
493,JAIPUR,303807,"Sandy, Loamy",0,0,2024-25,7.0,8.5,0.3,0.42,22.0,50.0,158.0,293.0,0.29,1.3
494,JAIPUR,303102,"Sandy, Loamy",0,0,2024-25,7.0,8.5,0.3,0.42,22.0,50.0,158.0,293.0,0.29,1.3
495,JAIPUR,302003,"Sandy, Loamy",0,0,2024-25,7.0,8.5,0.3,0.42,22.0,50.0,158.0,293.0,0.29,1.3
496,JAIPUR,302005,"Sandy, Loamy",0,0,2024-25,7.0,8.5,0.3,0.42,22.0,50.0,158.0,293.0,0.29,1.3
497,JAIPUR,302001,"Sandy, Loamy",0,0,2024-25,7.0,8.5,0.3,0.42,22.0,50.0,158.0,293.0,0.29,1.3
498,JAIPUR,302004,"Sandy, Loamy",0,0,2024-25,7.0,8.5,0.3,0.42,22.0,50.0,158.0,293.0,0.29,1.3
499,JAIPUR,302016,"Sandy, Loamy",0,0,2024-25,7.0,8.5,0.3,0.42,22.0,50.0,158.0,293.0,0.29,1.3
500,JAIPUR,302027,"Sandy, Loamy",0,0,2024-25,7.0,8.5,0.3,0.42,22.0,50.0,158.0,293.0,0.29,1.3
501,JAIPUR,302013,"Sandy, Loamy",0,0,2024-25,7.0,8.5,0.3,0.42,22.0,50.0,158.0,293.0,0.29,1.3
502,JAIPUR,302033,"Sandy, Loamy",0,0,2024-25,7.0,8.5,0.3,0.42,22.0,50.0,158.0,293.0,0.29,1.3
503,JAIPUR,302019,"Sandy, Loamy",0,0,2024-25,7.0,8.5,0.3,0.42,22.0,50.0,158.0,293.0,0.29,1.3
504,JAIPUR,302021,"Sandy, Loamy",0,0,2024-25,7.0,8.5,0.3,0.42,22.0,50.0,158.0,293.0,0.29,1.3
505,JAIPUR,302047,"Sandy, Loamy",0,0,2024-25,7.0,8.5,0.3,0.42,22.0,50.0,158.0,293.0,0.29,1.3
506,JAIPUR,302020,"Sandy, Loamy",0,0,2024-25,7.0,8.5,0.3,0.42,22.0,50.0,158.0,293.0,0.29,1.3
507,JAIPUR,303122,"Sandy, Loamy",0,0,2024-25,7.0,8.5,0.3,0.42,22.0,50.0,158.0,293.0,0.29,1.3
508,JAIPUR,303905,"Sandy, Loamy",0,0,2024-25,7.0,8.5,0.3,0.42,22.0,50.0,158.0,293.0,0.29,1.3
509,JAIPUR,303123,"Sandy, Loamy",0,0,2024-25,7.0,8.5,0.3,0.42,22.0,50.0,158.0,293.0,0.29,1.3
510,JAIPUR,303121,"Sandy, Loamy",0,0,2024-25,7.0,8.5,0.3,0.42,22.0,50.0,158.0,293.0,0.29,1.3
511,JAIPUR,303012,"Sandy, Loamy",0,0,2024-25,7.0,8.5,0.3,0.42,22.0,50.0,158.0,293.0,0.29,1.3
512,JAIPUR,303007,"Sandy, Loamy",0,0,2024-25,7.0,8.5,0.3,0.42,22.0,50.0,158.0,293.0,0.29,1.3
513,JAIPUR,303009,"Sandy, Loamy",0,0,2024-25,7.0,8.5,0.3,0.42,22.0,50.0,158.0,293.0,0.29,1.3
514,JAIPUR,302022,"Sandy, Loamy",0,0,2024-25,7.0,8.5,0.3,0.42,22.0,50.0,158.0,293.0,0.29,1.3
515,JAIPUR,303704,"Sandy, Loamy",0,0,2024-25,7.0,8.5,0.3,0.42,22.0,50.0,158.0,293.0,0.29,1.3
516,JAIPUR,303805,"Sandy, Loamy",0,0,2024-25,7.0,8.5,0.3,0.42,22.0,50.0,158.0,293.0,0.29,1.3
517,JAIPUR,302039,"Sandy, Loamy",0,0,2024-25,7.0,8.5,0.3,0.42,22.0,50.0,158.0,293.0,0.29,1.3
518,JAIPUR,302006,"Sandy, Loamy",0,0,2024-25,7.0,8.5,0.3,0.42,22.0,50.0,158.0,293.0,0.29,1.3
519,JAIPUR,302048,"Sandy, Loamy",0,0,2024-25,7.0,8.5,0.3,0.42,22.0,50.0,158.0,293.0,0.29,1.3
520,JAIPUR,303329,"Sandy, Loamy",0,0,2024-25,7.0,8.5,0.3,0.42,22.0,50.0,158.0,293.0,0.29,1.3
521,JAIPUR,303712,"Sandy, Loamy",0,0,2024-25,7.0,8.5,0.3,0.42,22.0,50.0,158.0,293.0,0.29,1.3
522,JAIPUR,302028,"Sandy, Loamy",0,0,2024-25,7.0,8.5,0.3,0.42,22.0,50.0,158.0,293.0,0.29,1.3
523,JAIPUR,302002,"Sandy, Loamy",0,0,2024-25,7.0,8.5,0.3,0.42,22.0,50.0,158.0,293.0,0.29,1.3
524,JAIPUR,302049,"Sandy, Loamy",0,0,2024-25,7.0,8.5,0.3,0.42,22.0,50.0,158.0,293.0,0.29,1.3
525,JAIPUR,302015,"Sandy, Loamy",0,0,2024-25,7.0,8.5,0.3,0.42,22.0,50.0,158.0,293.0,0.29,1.3
526,JAIPUR,302029,"Sandy, Loamy",0,0,2024-25,7.0,8.5,0.3,0.42,22.0,50.0,158.0,293.0,0.29,1.3
527,JAIPUR,302018,"Sandy, Loamy",0,0,2024-25,7.0,8.5,0.3,0.42,22.0,50.0,158.0,293.0,0.29,1.3
528,JAIPUR,302034,"Sandy, Loamy",0,0,2024-25,7.0,8.5,0.3,0.42,22.0,50.0,158.0,293.0,0.29,1.3
529,JAIPUR,302037,"Sandy, Loamy",0,0,2024-25,7.0,8.5,0.3,0.42,22.0,50.0,158.0,293.0,0.29,1.3
530,JAIPUR,302042,"Sandy, Loamy",0,0,2024-25,7.0,8.5,0.3,0.42,22.0,50.0,158.0,293.0,0.29,1.3
531,JAIPUR,302046,"Sandy, Loamy",0,0,2024-25,7.0,8.5,0.3,0.42,22.0,50.0,158.0,293.0,0.29,1.3
532,JAIPUR,302044,"Sandy, Loamy",0,0,2024-25,7.0,8.5,0.3,0.42,22.0,50.0,158.0,293.0,0.29,1.3
533,JAISALMER,345001,Desert Sandy,0,0,2024-25,8.0,9.1,0.18,0.44,20.0,49.0,195.0,300.0,0.2,0.48
534,JAISALMER,345027,Desert Sandy,0,0,2024-25,8.0,9.1,0.18,0.44,20.0,49.0,195.0,300.0,0.2,0.48
535,JAISALMER,345034,Desert Sandy,0,0,2024-25,8.0,9.1,0.18,0.44,20.0,49.0,195.0,300.0,0.2,0.48
536,JAISALMER,345033,Desert Sandy,0,0,2024-25,8.0,9.1,0.18,0.44,20.0,49.0,195.0,300.0,0.2,0.48
537,JAISALMER,345028,Desert Sandy,0,0,2024-25,8.0,9.1,0.18,0.44,20.0,49.0,195.0,300.0,0.2,0.48
538,JAISALMER,342310,Desert Sandy,0,0,2024-25,8.0,9.1,0.18,0.44,20.0,49.0,195.0,300.0,0.2,0.48
539,JAISALMER,345025,Desert Sandy,0,0,2024-25,8.0,9.1,0.18,0.44,20.0,49.0,195.0,300.0,0.2,0.48
540,JAISALMER,345021,Desert Sandy,0,0,2024-25,8.0,9.1,0.18,0.44,20.0,49.0,195.0,300.0,0.2,0.48
541,JAISALMER,345023,Desert Sandy,0,0,2024-25,8.0,9.1,0.18,0.44,20.0,49.0,195.0,300.0,0.2,0.48
542,JAISALMER,345022,Desert Sandy,0,0,2024-25,8.0,9.1,0.18,0.44,20.0,49.0,195.0,300.0,0.2,0.48
543,JAISALMER,345026,Desert Sandy,0,0,2024-25,8.0,9.1,0.18,0.44,20.0,49.0,195.0,300.0,0.2,0.48
544,JAISALMER,345031,Desert Sandy,0,0,2024-25,8.0,9.1,0.18,0.44,20.0,49.0,195.0,300.0,0.2,0.48
545,JALORE,343001,"Sandy, Loamy",0,0,2024-25,7.2,8.4,0.16,0.64,23.0,41.0,142.0,318.0,0.12,0.64
546,JALORE,307029,"Sandy, Loamy",0,0,2024-25,7.2,8.4,0.16,0.64,23.0,41.0,142.0,318.0,0.12,0.64
547,JALORE,343032,"Sandy, Loamy",0,0,2024-25,7.2,8.4,0.16,0.64,23.0,41.0,142.0,318.0,0.12,0.64
548,JALORE,343025,"Sandy, Loamy",0,0,2024-25,7.2,8.4,0.16,0.64,23.0,41.0,142.0,318.0,0.12,0.64
549,JALORE,343029,"Sandy, Loamy",0,0,2024-25,7.2,8.4,0.16,0.64,23.0,41.0,142.0,318.0,0.12,0.64
550,JALORE,343023,"Sandy, Loamy",0,0,2024-25,7.2,8.4,0.16,0.64,23.0,41.0,142.0,318.0,0.12,0.64
551,JALORE,307030,"Sandy, Loamy",0,0,2024-25,7.2,8.4,0.16,0.64,23.0,41.0,142.0,318.0,0.12,0.64
552,JALORE,343027,"Sandy, Loamy",0,0,2024-25,7.2,8.4,0.16,0.64,23.0,41.0,142.0,318.0,0.12,0.64
553,JALORE,307515,"Sandy, Loamy",0,0,2024-25,7.2,8.4,0.16,0.64,23.0,41.0,142.0,318.0,0.12,0.64
554,JALORE,343030,"Sandy, Loamy",0,0,2024-25,7.2,8.4,0.16,0.64,23.0,41.0,142.0,318.0,0.12,0.64
555,JALORE,343039,"Sandy, Loamy",0,0,2024-25,7.2,8.4,0.16,0.64,23.0,41.0,142.0,318.0,0.12,0.64
556,JALORE,343042,"Sandy, Loamy",0,0,2024-25,7.2,8.4,0.16,0.64,23.0,41.0,142.0,318.0,0.12,0.64
557,JALORE,343028,"Sandy, Loamy",0,0,2024-25,7.2,8.4,0.16,0.64,23.0,41.0,142.0,318.0,0.12,0.64
558,JALORE,307803,"Sandy, Loamy",0,0,2024-25,7.2,8.4,0.16,0.64,23.0,41.0,142.0,318.0,0.12,0.64
559,JALORE,343040,"Sandy, Loamy",0,0,2024-25,7.2,8.4,0.16,0.64,23.0,41.0,142.0,318.0,0.12,0.64
560,JALORE,343022,"Sandy, Loamy",0,0,2024-25,7.2,8.4,0.16,0.64,23.0,41.0,142.0,318.0,0.12,0.64
561,JALORE,343024,"Sandy, Loamy",0,0,2024-25,7.2,8.4,0.16,0.64,23.0,41.0,142.0,318.0,0.12,0.64
562,JALORE,343021,"Sandy, Loamy",0,0,2024-25,7.2,8.4,0.16,0.64,23.0,41.0,142.0,318.0,0.12,0.64
563,JALORE,343002,"Sandy, Loamy",0,0,2024-25,7.2,8.4,0.16,0.64,23.0,41.0,142.0,318.0,0.12,0.64
564,JALORE,343048,"Sandy, Loamy",0,0,2024-25,7.2,8.4,0.16,0.64,23.0,41.0,142.0,318.0,0.12,0.64
565,JALORE,343049,"Sandy, Loamy",0,0,2024-25,7.2,8.4,0.16,0.64,23.0,41.0,142.0,318.0,0.12,0.64
566,JHALAWAR,326001,"Black, Loamy",0,0,2024-25,6.5,7.8,0.3,0.66,39.0,48.0,309.0,430.0,0.3,0.66
567,JHALAWAR,326033,"Black, Loamy",0,0,2024-25,6.5,7.8,0.3,0.66,39.0,48.0,309.0,430.0,0.3,0.66
568,JHALAWAR,326021,"Black, Loamy",0,0,2024-25,6.5,7.8,0.3,0.66,39.0,48.0,309.0,430.0,0.3,0.66
569,JHALAWAR,326022,"Black, Loamy",0,0,2024-25,6.5,7.8,0.3,0.66,39.0,48.0,309.0,430.0,0.3,0.66
570,JHALAWAR,326502,"Black, Loamy",0,0,2024-25,6.5,7.8,0.3,0.66,39.0,48.0,309.0,430.0,0.3,0.66
571,JHALAWAR,326515,"Black, Loamy",0,0,2024-25,6.5,7.8,0.3,0.66,39.0,48.0,309.0,430.0,0.3,0.66
572,JHALAWAR,326514,"Black, Loamy",0,0,2024-25,6.5,7.8,0.3,0.66,39.0,48.0,309.0,430.0,0.3,0.66
573,JHALAWAR,326516,"Black, Loamy",0,0,2024-25,6.5,7.8,0.3,0.66,39.0,48.0,309.0,430.0,0.3,0.66
574,JHALAWAR,326039,"Black, Loamy",0,0,2024-25,6.5,7.8,0.3,0.66,39.0,48.0,309.0,430.0,0.3,0.66
575,JHALAWAR,326023,"Black, Loamy",0,0,2024-25,6.5,7.8,0.3,0.66,39.0,48.0,309.0,430.0,0.3,0.66
576,JHALAWAR,326038,"Black, Loamy",0,0,2024-25,6.5,7.8,0.3,0.66,39.0,48.0,309.0,430.0,0.3,0.66
577,JHALAWAR,326037,"Black, Loamy",0,0,2024-25,6.5,7.8,0.3,0.66,39.0,48.0,309.0,430.0,0.3,0.66
578,JHALAWAR,326512,"Black, Loamy",0,0,2024-25,6.5,7.8,0.3,0.66,39.0,48.0,309.0,430.0,0.3,0.66
579,JHALAWAR,326034,"Black, Loamy",0,0,2024-25,6.5,7.8,0.3,0.66,39.0,48.0,309.0,430.0,0.3,0.66
580,JHALAWAR,326036,"Black, Loamy",0,0,2024-25,6.5,7.8,0.3,0.66,39.0,48.0,309.0,430.0,0.3,0.66
581,JHALAWAR,326035,"Black, Loamy",0,0,2024-25,6.5,7.8,0.3,0.66,39.0,48.0,309.0,430.0,0.3,0.66
582,JHALAWAR,326501,"Black, Loamy",0,0,2024-25,6.5,7.8,0.3,0.66,39.0,48.0,309.0,430.0,0.3,0.66
583,JHALAWAR,326513,"Black, Loamy",0,0,2024-25,6.5,7.8,0.3,0.66,39.0,48.0,309.0,430.0,0.3,0.66
584,JHUNJHUNU,333026,"Sandy, Arid",0,0,2024-25,7.2,8.4,0.18,0.51,21.0,62.0,127.0,299.0,0.08,0.44
585,JHUNJHUNU,333020,"Sandy, Arid",0,0,2024-25,7.2,8.4,0.18,0.51,21.0,62.0,127.0,299.0,0.08,0.44
586,JHUNJHUNU,333027,"Sandy, Arid",0,0,2024-25,7.2,8.4,0.18,0.51,21.0,62.0,127.0,299.0,0.08,0.44
587,JHUNJHUNU,333501,"Sandy, Arid",0,0,2024-25,7.2,8.4,0.18,0.51,21.0,62.0,127.0,299.0,0.08,0.44
588,JHUNJHUNU,333023,"Sandy, Arid",0,0,2024-25,7.2,8.4,0.18,0.51,21.0,62.0,127.0,299.0,0.08,0.44
589,JHUNJHUNU,333502,"Sandy, Arid",0,0,2024-25,7.2,8.4,0.18,0.51,21.0,62.0,127.0,299.0,0.08,0.44
590,JHUNJHUNU,333024,"Sandy, Arid",0,0,2024-25,7.2,8.4,0.18,0.51,21.0,62.0,127.0,299.0,0.08,0.44
591,JHUNJHUNU,333514,"Sandy, Arid",0,0,2024-25,7.2,8.4,0.18,0.51,21.0,62.0,127.0,299.0,0.08,0.44
592,JHUNJHUNU,333030,"Sandy, Arid",0,0,2024-25,7.2,8.4,0.18,0.51,21.0,62.0,127.0,299.0,0.08,0.44
593,JHUNJHUNU,333504,"Sandy, Arid",0,0,2024-25,7.2,8.4,0.18,0.51,21.0,62.0,127.0,299.0,0.08,0.44
594,JHUNJHUNU,333503,"Sandy, Arid",0,0,2024-25,7.2,8.4,0.18,0.51,21.0,62.0,127.0,299.0,0.08,0.44
595,JHUNJHUNU,333034,"Sandy, Arid",0,0,2024-25,7.2,8.4,0.18,0.51,21.0,62.0,127.0,299.0,0.08,0.44
596,JHUNJHUNU,333025,"Sandy, Arid",0,0,2024-25,7.2,8.4,0.18,0.51,21.0,62.0,127.0,299.0,0.08,0.44
597,JHUNJHUNU,333515,"Sandy, Arid",0,0,2024-25,7.2,8.4,0.18,0.51,21.0,62.0,127.0,299.0,0.08,0.44
598,JHUNJHUNU,333031,"Sandy, Arid",0,0,2024-25,7.2,8.4,0.18,0.51,21.0,62.0,127.0,299.0,0.08,0.44
599,JHUNJHUNU,332746,"Sandy, Arid",0,0,2024-25,7.2,8.4,0.18,0.51,21.0,62.0,127.0,299.0,0.08,0.44
600,JHUNJHUNU,333517,"Sandy, Arid",0,0,2024-25,7.2,8.4,0.18,0.51,21.0,62.0,127.0,299.0,0.08,0.44
601,JHUNJHUNU,333516,"Sandy, Arid",0,0,2024-25,7.2,8.4,0.18,0.51,21.0,62.0,127.0,299.0,0.08,0.44
602,JHUNJHUNU,333029,"Sandy, Arid",0,0,2024-25,7.2,8.4,0.18,0.51,21.0,62.0,127.0,299.0,0.08,0.44
603,JHUNJHUNU,333001,"Sandy, Arid",0,0,2024-25,7.2,8.4,0.18,0.51,21.0,62.0,127.0,299.0,0.08,0.44
604,JHUNJHUNU,331025,"Sandy, Arid",0,0,2024-25,7.2,8.4,0.18,0.51,21.0,62.0,127.0,299.0,0.08,0.44
605,JHUNJHUNU,333021,"Sandy, Arid",0,0,2024-25,7.2,8.4,0.18,0.51,21.0,62.0,127.0,299.0,0.08,0.44
606,JHUNJHUNU,331027,"Sandy, Arid",0,0,2024-25,7.2,8.4,0.18,0.51,21.0,62.0,127.0,299.0,0.08,0.44
607,JHUNJHUNU,333302,"Sandy, Arid",0,0,2024-25,7.2,8.4,0.18,0.51,21.0,62.0,127.0,299.0,0.08,0.44
608,JHUNJHUNU,333303,"Sandy, Arid",0,0,2024-25,7.2,8.4,0.18,0.51,21.0,62.0,127.0,299.0,0.08,0.44
609,JHUNJHUNU,333701,"Sandy, Arid",0,0,2024-25,7.2,8.4,0.18,0.51,21.0,62.0,127.0,299.0,0.08,0.44
610,JHUNJHUNU,333707,"Sandy, Arid",0,0,2024-25,7.2,8.4,0.18,0.51,21.0,62.0,127.0,299.0,0.08,0.44
611,JHUNJHUNU,333022,"Sandy, Arid",0,0,2024-25,7.2,8.4,0.18,0.51,21.0,62.0,127.0,299.0,0.08,0.44
612,JHUNJHUNU,333305,"Sandy, Arid",0,0,2024-25,7.2,8.4,0.18,0.51,21.0,62.0,127.0,299.0,0.08,0.44
613,JHUNJHUNU,331028,"Sandy, Arid",0,0,2024-25,7.2,8.4,0.18,0.51,21.0,62.0,127.0,299.0,0.08,0.44
614,JHUNJHUNU,333704,"Sandy, Arid",0,0,2024-25,7.2,8.4,0.18,0.51,21.0,62.0,127.0,299.0,0.08,0.44
615,JHUNJHUNU,333705,"Sandy, Arid",0,0,2024-25,7.2,8.4,0.18,0.51,21.0,62.0,127.0,299.0,0.08,0.44
616,JHUNJHUNU,333042,"Sandy, Arid",0,0,2024-25,7.2,8.4,0.18,0.51,21.0,62.0,127.0,299.0,0.08,0.44
617,JHUNJHUNU,333041,"Sandy, Arid",0,0,2024-25,7.2,8.4,0.18,0.51,21.0,62.0,127.0,299.0,0.08,0.44
618,JHUNJHUNU,333055,"Sandy, Arid",0,0,2024-25,7.2,8.4,0.18,0.51,21.0,62.0,127.0,299.0,0.08,0.44
619,JHUNJHUNU,333801,"Sandy, Arid",0,0,2024-25,7.2,8.4,0.18,0.51,21.0,62.0,127.0,299.0,0.08,0.44
620,JHUNJHUNU,331026,"Sandy, Arid",0,0,2024-25,7.2,8.4,0.18,0.51,21.0,62.0,127.0,299.0,0.08,0.44
621,JHUNJHUNU,333012,"Sandy, Arid",0,0,2024-25,7.2,8.4,0.18,0.51,21.0,62.0,127.0,299.0,0.08,0.44
622,JHUNJHUNU,333011,"Sandy, Arid",0,0,2024-25,7.2,8.4,0.18,0.51,21.0,62.0,127.0,299.0,0.08,0.44
623,JHUNJHUNU,333033,"Sandy, Arid",0,0,2024-25,7.2,8.4,0.18,0.51,21.0,62.0,127.0,299.0,0.08,0.44
624,JHUNJHUNU,333035,"Sandy, Arid",0,0,2024-25,7.2,8.4,0.18,0.51,21.0,62.0,127.0,299.0,0.08,0.44
625,JHUNJHUNU,332716,"Sandy, Arid",0,0,2024-25,7.2,8.4,0.18,0.51,21.0,62.0,127.0,299.0,0.08,0.44
626,JHUNJHUNU,333036,"Sandy, Arid",0,0,2024-25,7.2,8.4,0.18,0.51,21.0,62.0,127.0,299.0,0.08,0.44
627,JHUNJHUNU,333304,"Sandy, Arid",0,0,2024-25,7.2,8.4,0.18,0.51,21.0,62.0,127.0,299.0,0.08,0.44
628,JHUNJHUNU,333053,"Sandy, Arid",0,0,2024-25,7.2,8.4,0.18,0.51,21.0,62.0,127.0,299.0,0.08,0.44
629,JHUNJHUNU,333307,"Sandy, Arid",0,0,2024-25,7.2,8.4,0.18,0.51,21.0,62.0,127.0,299.0,0.08,0.44
630,JHUNJHUNU,333028,"Sandy, Arid",0,0,2024-25,7.2,8.4,0.18,0.51,21.0,62.0,127.0,299.0,0.08,0.44
631,JHUNJHUNU,333010,"Sandy, Arid",0,0,2024-25,7.2,8.4,0.18,0.51,21.0,62.0,127.0,299.0,0.08,0.44
632,JHUNJHUNU,333308,"Sandy, Arid",0,0,2024-25,7.2,8.4,0.18,0.51,21.0,62.0,127.0,299.0,0.08,0.44
633,JHUNJHUNU,333032,"Sandy, Arid",0,0,2024-25,7.2,8.4,0.18,0.51,21.0,62.0,127.0,299.0,0.08,0.44
634,JHUNJHUNU,333702,"Sandy, Arid",0,0,2024-25,7.2,8.4,0.18,0.51,21.0,62.0,127.0,299.0,0.08,0.44
635,JODHPUR,342314,"Desert, Red Sandy",0,0,2024-25,7.5,9.0,0.1,0.19,15.0,64.0,169.0,691.0,0.16,0.72
636,JODHPUR,342023,"Desert, Red Sandy",0,0,2024-25,7.5,9.0,0.1,0.19,15.0,64.0,169.0,691.0,0.16,0.72
637,JODHPUR,342311,"Desert, Red Sandy",0,0,2024-25,7.5,9.0,0.1,0.19,15.0,64.0,169.0,691.0,0.16,0.72
638,JODHPUR,342901,"Desert, Red Sandy",0,0,2024-25,7.5,9.0,0.1,0.19,15.0,64.0,169.0,691.0,0.16,0.72
639,JODHPUR,342027,"Desert, Red Sandy",0,0,2024-25,7.5,9.0,0.1,0.19,15.0,64.0,169.0,691.0,0.16,0.72
640,JODHPUR,342307,"Desert, Red Sandy",0,0,2024-25,7.5,9.0,0.1,0.19,15.0,64.0,169.0,691.0,0.16,0.72
641,JODHPUR,342605,"Desert, Red Sandy",0,0,2024-25,7.5,9.0,0.1,0.19,15.0,64.0,169.0,691.0,0.16,0.72
642,JODHPUR,342603,"Desert, Red Sandy",0,0,2024-25,7.5,9.0,0.1,0.19,15.0,64.0,169.0,691.0,0.16,0.72
643,JODHPUR,342602,"Desert, Red Sandy",0,0,2024-25,7.5,9.0,0.1,0.19,15.0,64.0,169.0,691.0,0.16,0.72
644,JODHPUR,342312,"Desert, Red Sandy",0,0,2024-25,7.5,9.0,0.1,0.19,15.0,64.0,169.0,691.0,0.16,0.72
645,JODHPUR,342308,"Desert, Red Sandy",0,0,2024-25,7.5,9.0,0.1,0.19,15.0,64.0,169.0,691.0,0.16,0.72
646,JODHPUR,342037,"Desert, Red Sandy",0,0,2024-25,7.5,9.0,0.1,0.19,15.0,64.0,169.0,691.0,0.16,0.72
647,JODHPUR,342029,"Desert, Red Sandy",0,0,2024-25,7.5,9.0,0.1,0.19,15.0,64.0,169.0,691.0,0.16,0.72
648,JODHPUR,342302,"Desert, Red Sandy",0,0,2024-25,7.5,9.0,0.1,0.19,15.0,64.0,169.0,691.0,0.16,0.72
649,JODHPUR,342802,"Desert, Red Sandy",0,0,2024-25,7.5,9.0,0.1,0.19,15.0,64.0,169.0,691.0,0.16,0.72
650,JODHPUR,342305,"Desert, Red Sandy",0,0,2024-25,7.5,9.0,0.1,0.19,15.0,64.0,169.0,691.0,0.16,0.72
651,JODHPUR,342014,"Desert, Red Sandy",0,0,2024-25,7.5,9.0,0.1,0.19,15.0,64.0,169.0,691.0,0.16,0.72
652,JODHPUR,342309,"Desert, Red Sandy",0,0,2024-25,7.5,9.0,0.1,0.19,15.0,64.0,169.0,691.0,0.16,0.72
653,JODHPUR,342301,"Desert, Red Sandy",0,0,2024-25,7.5,9.0,0.1,0.19,15.0,64.0,169.0,691.0,0.16,0.72
654,JODHPUR,342606,"Desert, Red Sandy",0,0,2024-25,7.5,9.0,0.1,0.19,15.0,64.0,169.0,691.0,0.16,0.72
655,JODHPUR,342601,"Desert, Red Sandy",0,0,2024-25,7.5,9.0,0.1,0.19,15.0,64.0,169.0,691.0,0.16,0.72
656,JODHPUR,342015,"Desert, Red Sandy",0,0,2024-25,7.5,9.0,0.1,0.19,15.0,64.0,169.0,691.0,0.16,0.72
657,JODHPUR,342025,"Desert, Red Sandy",0,0,2024-25,7.5,9.0,0.1,0.19,15.0,64.0,169.0,691.0,0.16,0.72
658,JODHPUR,342021,"Desert, Red Sandy",0,0,2024-25,7.5,9.0,0.1,0.19,15.0,64.0,169.0,691.0,0.16,0.72
659,JODHPUR,342022,"Desert, Red Sandy",0,0,2024-25,7.5,9.0,0.1,0.19,15.0,64.0,169.0,691.0,0.16,0.72
660,JODHPUR,342024,"Desert, Red Sandy",0,0,2024-25,7.5,9.0,0.1,0.19,15.0,64.0,169.0,691.0,0.16,0.72
661,JODHPUR,342028,"Desert, Red Sandy",0,0,2024-25,7.5,9.0,0.1,0.19,15.0,64.0,169.0,691.0,0.16,0.72
662,JODHPUR,342306,"Desert, Red Sandy",0,0,2024-25,7.5,9.0,0.1,0.19,15.0,64.0,169.0,691.0,0.16,0.72
663,JODHPUR,342012,"Desert, Red Sandy",0,0,2024-25,7.5,9.0,0.1,0.19,15.0,64.0,169.0,691.0,0.16,0.72
664,JODHPUR,342011,"Desert, Red Sandy",0,0,2024-25,7.5,9.0,0.1,0.19,15.0,64.0,169.0,691.0,0.16,0.72
665,JODHPUR,342003,"Desert, Red Sandy",0,0,2024-25,7.5,9.0,0.1,0.19,15.0,64.0,169.0,691.0,0.16,0.72
666,JODHPUR,342005,"Desert, Red Sandy",0,0,2024-25,7.5,9.0,0.1,0.19,15.0,64.0,169.0,691.0,0.16,0.72
667,JODHPUR,342001,"Desert, Red Sandy",0,0,2024-25,7.5,9.0,0.1,0.19,15.0,64.0,169.0,691.0,0.16,0.72
668,JODHPUR,342017,"Desert, Red Sandy",0,0,2024-25,7.5,9.0,0.1,0.19,15.0,64.0,169.0,691.0,0.16,0.72
669,JODHPUR,342032,"Desert, Red Sandy",0,0,2024-25,7.5,9.0,0.1,0.19,15.0,64.0,169.0,691.0,0.16,0.72
670,JODHPUR,342604,"Desert, Red Sandy",0,0,2024-25,7.5,9.0,0.1,0.19,15.0,64.0,169.0,691.0,0.16,0.72
671,JODHPUR,342801,"Desert, Red Sandy",0,0,2024-25,7.5,9.0,0.1,0.19,15.0,64.0,169.0,691.0,0.16,0.72
672,JODHPUR,342006,"Desert, Red Sandy",0,0,2024-25,7.5,9.0,0.1,0.19,15.0,64.0,169.0,691.0,0.16,0.72
673,JODHPUR,342013,"Desert, Red Sandy",0,0,2024-25,7.5,9.0,0.1,0.19,15.0,64.0,169.0,691.0,0.16,0.72
674,JODHPUR,342008,"Desert, Red Sandy",0,0,2024-25,7.5,9.0,0.1,0.19,15.0,64.0,169.0,691.0,0.16,0.72
675,JODHPUR,342304,"Desert, Red Sandy",0,0,2024-25,7.5,9.0,0.1,0.19,15.0,64.0,169.0,691.0,0.16,0.72
676,JODHPUR,342007,"Desert, Red Sandy",0,0,2024-25,7.5,9.0,0.1,0.19,15.0,64.0,169.0,691.0,0.16,0.72
677,JODHPUR,342030,"Desert, Red Sandy",0,0,2024-25,7.5,9.0,0.1,0.19,15.0,64.0,169.0,691.0,0.16,0.72
678,JODHPUR,342026,"Desert, Red Sandy",0,0,2024-25,7.5,9.0,0.1,0.19,15.0,64.0,169.0,691.0,0.16,0.72
679,JODHPUR,342016,"Desert, Red Sandy",0,0,2024-25,7.5,9.0,0.1,0.19,15.0,64.0,169.0,691.0,0.16,0.72
680,JODHPUR,342002,"Desert, Red Sandy",0,0,2024-25,7.5,9.0,0.1,0.19,15.0,64.0,169.0,691.0,0.16,0.72
681,KARAULI,322212,"Sandy, Loamy",0,0,2024-25,7.0,8.0,0.48,0.59,32.0,40.0,292.0,466.0,0.48,0.67
682,KARAULI,322213,"Sandy, Loamy",0,0,2024-25,7.0,8.0,0.48,0.59,32.0,40.0,292.0,466.0,0.48,0.67
683,KARAULI,322216,"Sandy, Loamy",0,0,2024-25,7.0,8.0,0.48,0.59,32.0,40.0,292.0,466.0,0.48,0.67
684,KARAULI,322255,"Sandy, Loamy",0,0,2024-25,7.0,8.0,0.48,0.59,32.0,40.0,292.0,466.0,0.48,0.67
685,KARAULI,322202,"Sandy, Loamy",0,0,2024-25,7.0,8.0,0.48,0.59,32.0,40.0,292.0,466.0,0.48,0.67
686,KARAULI,322215,"Sandy, Loamy",0,0,2024-25,7.0,8.0,0.48,0.59,32.0,40.0,292.0,466.0,0.48,0.67
687,KARAULI,322203,"Sandy, Loamy",0,0,2024-25,7.0,8.0,0.48,0.59,32.0,40.0,292.0,466.0,0.48,0.67
688,KARAULI,322218,"Sandy, Loamy",0,0,2024-25,7.0,8.0,0.48,0.59,32.0,40.0,292.0,466.0,0.48,0.67
689,KARAULI,322230,"Sandy, Loamy",0,0,2024-25,7.0,8.0,0.48,0.59,32.0,40.0,292.0,466.0,0.48,0.67
690,KARAULI,322254,"Sandy, Loamy",0,0,2024-25,7.0,8.0,0.48,0.59,32.0,40.0,292.0,466.0,0.48,0.67
691,KARAULI,322243,"Sandy, Loamy",0,0,2024-25,7.0,8.0,0.48,0.59,32.0,40.0,292.0,466.0,0.48,0.67
692,KARAULI,322241,"Sandy, Loamy",0,0,2024-25,7.0,8.0,0.48,0.59,32.0,40.0,292.0,466.0,0.48,0.67
693,KARAULI,322242,"Sandy, Loamy",0,0,2024-25,7.0,8.0,0.48,0.59,32.0,40.0,292.0,466.0,0.48,0.67
694,KARAULI,322220,"Sandy, Loamy",0,0,2024-25,7.0,8.0,0.48,0.59,32.0,40.0,292.0,466.0,0.48,0.67
695,KARAULI,322252,"Sandy, Loamy",0,0,2024-25,7.0,8.0,0.48,0.59,32.0,40.0,292.0,466.0,0.48,0.67
696,KARAULI,321611,"Sandy, Loamy",0,0,2024-25,7.0,8.0,0.48,0.59,32.0,40.0,292.0,466.0,0.48,0.67
697,KARAULI,322249,"Sandy, Loamy",0,0,2024-25,7.0,8.0,0.48,0.59,32.0,40.0,292.0,466.0,0.48,0.67
698,KARAULI,322251,"Sandy, Loamy",0,0,2024-25,7.0,8.0,0.48,0.59,32.0,40.0,292.0,466.0,0.48,0.67
699,KARAULI,322219,"Sandy, Loamy",0,0,2024-25,7.0,8.0,0.48,0.59,32.0,40.0,292.0,466.0,0.48,0.67
700,KARAULI,322238,"Sandy, Loamy",0,0,2024-25,7.0,8.0,0.48,0.59,32.0,40.0,292.0,466.0,0.48,0.67
701,KARAULI,322236,"Sandy, Loamy",0,0,2024-25,7.0,8.0,0.48,0.59,32.0,40.0,292.0,466.0,0.48,0.67
702,KARAULI,322234,"Sandy, Loamy",0,0,2024-25,7.0,8.0,0.48,0.59,32.0,40.0,292.0,466.0,0.48,0.67
703,KARAULI,322204,"Sandy, Loamy",0,0,2024-25,7.0,8.0,0.48,0.59,32.0,40.0,292.0,466.0,0.48,0.67
704,KARAULI,322033,"Sandy, Loamy",0,0,2024-25,7.0,8.0,0.48,0.59,32.0,40.0,292.0,466.0,0.48,0.67
705,KOTA,324002,"Black, Red",312.83,1,2024-25,6.5,7.8,,,,,,,,
706,KOTA,326520,"Black, Red",312.83,1,2024-25,6.5,7.8,,,,,,,,
707,KOTA,325214,"Black, Red",312.83,1,2024-25,6.5,7.8,,,,,,,,
708,KOTA,325201,"Black, Red",312.83,1,2024-25,6.5,7.8,,,,,,,,
709,KOTA,325004,"Black, Red",312.83,1,2024-25,6.5,7.8,,,,,,,,
710,KOTA,325009,"Black, Red",312.83,1,2024-25,6.5,7.8,,,,,,,,
711,KOTA,326517,"Black, Red",312.83,1,2024-25,6.5,7.8,,,,,,,,
712,KOTA,326519,"Black, Red",312.83,1,2024-25,6.5,7.8,,,,,,,,
713,KOTA,325601,"Black, Red",312.83,1,2024-25,6.5,7.8,,,,,,,,
714,KOTA,325203,"Black, Red",312.83,1,2024-25,6.5,7.8,,,,,,,,
715,KOTA,325204,"Black, Red",312.83,1,2024-25,6.5,7.8,,,,,,,,
716,KOTA,324010,"Black, Red",312.83,1,2024-25,6.5,7.8,,,,,,,,
717,KOTA,325001,"Black, Red",312.83,1,2024-25,6.5,7.8,,,,,,,,
718,KOTA,326518,"Black, Red",312.83,1,2024-25,6.5,7.8,,,,,,,,
719,KOTA,325602,"Black, Red",312.83,1,2024-25,6.5,7.8,,,,,,,,
720,KOTA,326529,"Black, Red",312.83,1,2024-25,6.5,7.8,,,,,,,,
721,KOTA,324001,"Black, Red",312.83,1,2024-25,6.5,7.8,,,,,,,,
722,KOTA,324008,"Black, Red",312.83,1,2024-25,6.5,7.8,,,,,,,,
723,KOTA,324007,"Black, Red",312.83,1,2024-25,6.5,7.8,,,,,,,,
724,KOTA,325003,"Black, Red",312.83,1,2024-25,6.5,7.8,,,,,,,,
725,KOTA,324006,"Black, Red",312.83,1,2024-25,6.5,7.8,,,,,,,,
726,KOTA,324005,"Black, Red",312.83,1,2024-25,6.5,7.8,,,,,,,,
727,KOTA,326530,"Black, Red",312.83,1,2024-25,6.5,7.8,,,,,,,,
728,KOTA,324004,"Black, Red",312.83,1,2024-25,6.5,7.8,,,,,,,,
729,KOTA,325208,"Black, Red",312.83,1,2024-25,6.5,7.8,,,,,,,,
730,KOTA,324009,"Black, Red",312.83,1,2024-25,6.5,7.8,,,,,,,,
731,KOTA,324003,"Black, Red",312.83,1,2024-25,6.5,7.8,,,,,,,,
732,NAGAUR,384316,"Desert, Sandy",0,0,2024-25,7.5,9.0,0.15,0.45,21.8,41.0,146.0,818.0,0.06,0.55
733,NAGAUR,341303,"Desert, Sandy",0,0,2024-25,7.5,9.0,0.15,0.45,21.8,41.0,146.0,818.0,0.06,0.55
734,NAGAUR,341307,"Desert, Sandy",0,0,2024-25,7.5,9.0,0.15,0.45,21.8,41.0,146.0,818.0,0.06,0.55
735,NAGAUR,341309,"Desert, Sandy",0,0,2024-25,7.5,9.0,0.15,0.45,21.8,41.0,146.0,818.0,0.06,0.55
736,NAGAUR,341301,"Desert, Sandy",0,0,2024-25,7.5,9.0,0.15,0.45,21.8,41.0,146.0,818.0,0.06,0.55
737,NAGAUR,341551,"Desert, Sandy",0,0,2024-25,7.5,9.0,0.15,0.45,21.8,41.0,146.0,818.0,0.06,0.55
738,NAGAUR,341503,"Desert, Sandy",0,0,2024-25,7.5,9.0,0.15,0.45,21.8,41.0,146.0,818.0,0.06,0.55
739,NAGAUR,305026,"Desert, Sandy",0,0,2024-25,7.5,9.0,0.15,0.45,21.8,41.0,146.0,818.0,0.06,0.55
740,NAGAUR,341304,"Desert, Sandy",0,0,2024-25,7.5,9.0,0.15,0.45,21.8,41.0,146.0,818.0,0.06,0.55
741,NAGAUR,341318,"Desert, Sandy",0,0,2024-25,7.5,9.0,0.15,0.45,21.8,41.0,146.0,818.0,0.06,0.55
742,NAGAUR,341305,"Desert, Sandy",0,0,2024-25,7.5,9.0,0.15,0.45,21.8,41.0,146.0,818.0,0.06,0.55
743,NAGAUR,341519,"Desert, Sandy",0,0,2024-25,7.5,9.0,0.15,0.45,21.8,41.0,146.0,818.0,0.06,0.55
744,NAGAUR,341517,"Desert, Sandy",0,0,2024-25,7.5,9.0,0.15,0.45,21.8,41.0,146.0,818.0,0.06,0.55
745,NAGAUR,341306,"Desert, Sandy",0,0,2024-25,7.5,9.0,0.15,0.45,21.8,41.0,146.0,818.0,0.06,0.55
746,NAGAUR,341507,"Desert, Sandy",0,0,2024-25,7.5,9.0,0.15,0.45,21.8,41.0,146.0,818.0,0.06,0.55
747,NAGAUR,341506,"Desert, Sandy",0,0,2024-25,7.5,9.0,0.15,0.45,21.8,41.0,146.0,818.0,0.06,0.55
748,NAGAUR,341509,"Desert, Sandy",0,0,2024-25,7.5,9.0,0.15,0.45,21.8,41.0,146.0,818.0,0.06,0.55
749,NAGAUR,341316,"Desert, Sandy",0,0,2024-25,7.5,9.0,0.15,0.45,21.8,41.0,146.0,818.0,0.06,0.55
750,NAGAUR,341317,"Desert, Sandy",0,0,2024-25,7.5,9.0,0.15,0.45,21.8,41.0,146.0,818.0,0.06,0.55
751,NAGAUR,341319,"Desert, Sandy",0,0,2024-25,7.5,9.0,0.15,0.45,21.8,41.0,146.0,818.0,0.06,0.55
752,NAGAUR,341020,"Desert, Sandy",0,0,2024-25,7.5,9.0,0.15,0.45,21.8,41.0,146.0,818.0,0.06,0.55
753,NAGAUR,341001,"Desert, Sandy",0,0,2024-25,7.5,9.0,0.15,0.45,21.8,41.0,146.0,818.0,0.06,0.55
754,NAGAUR,341025,"Desert, Sandy",0,0,2024-25,7.5,9.0,0.15,0.45,21.8,41.0,146.0,818.0,0.06,0.55
755,NAGAUR,341520,"Desert, Sandy",0,0,2024-25,7.5,9.0,0.15,0.45,21.8,41.0,146.0,818.0,0.06,0.55
756,NAGAUR,341502,"Desert, Sandy",0,0,2024-25,7.5,9.0,0.15,0.45,21.8,41.0,146.0,818.0,0.06,0.55
757,NAGAUR,341505,"Desert, Sandy",0,0,2024-25,7.5,9.0,0.15,0.45,21.8,41.0,146.0,818.0,0.06,0.55
758,NAGAUR,341022,"Desert, Sandy",0,0,2024-25,7.5,9.0,0.15,0.45,21.8,41.0,146.0,818.0,0.06,0.55
759,NAGAUR,341504,"Desert, Sandy",0,0,2024-25,7.5,9.0,0.15,0.45,21.8,41.0,146.0,818.0,0.06,0.55
760,NAGAUR,342902,"Desert, Sandy",0,0,2024-25,7.5,9.0,0.15,0.45,21.8,41.0,146.0,818.0,0.06,0.55
761,NAGAUR,341023,"Desert, Sandy",0,0,2024-25,7.5,9.0,0.15,0.45,21.8,41.0,146.0,818.0,0.06,0.55
762,NAGAUR,341028,"Desert, Sandy",0,0,2024-25,7.5,9.0,0.15,0.45,21.8,41.0,146.0,818.0,0.06,0.55
763,NAGAUR,341024,"Desert, Sandy",0,0,2024-25,7.5,9.0,0.15,0.45,21.8,41.0,146.0,818.0,0.06,0.55
764,NAGAUR,341026,"Desert, Sandy",0,0,2024-25,7.5,9.0,0.15,0.45,21.8,41.0,146.0,818.0,0.06,0.55
765,NAGAUR,341511,"Desert, Sandy",0,0,2024-25,7.5,9.0,0.15,0.45,21.8,41.0,146.0,818.0,0.06,0.55
766,NAGAUR,341510,"Desert, Sandy",0,0,2024-25,7.5,9.0,0.15,0.45,21.8,41.0,146.0,818.0,0.06,0.55
767,NAGAUR,341031,"Desert, Sandy",0,0,2024-25,7.5,9.0,0.15,0.45,21.8,41.0,146.0,818.0,0.06,0.55
768,NAGAUR,341512,"Desert, Sandy",0,0,2024-25,7.5,9.0,0.15,0.45,21.8,41.0,146.0,818.0,0.06,0.55
769,NAGAUR,341514,"Desert, Sandy",0,0,2024-25,7.5,9.0,0.15,0.45,21.8,41.0,146.0,818.0,0.06,0.55
770,NAGAUR,341513,"Desert, Sandy",0,0,2024-25,7.5,9.0,0.15,0.45,21.8,41.0,146.0,818.0,0.06,0.55
771,NAGAUR,341027,"Desert, Sandy",0,0,2024-25,7.5,9.0,0.15,0.45,21.8,41.0,146.0,818.0,0.06,0.55
772,NAGAUR,341030,"Desert, Sandy",0,0,2024-25,7.5,9.0,0.15,0.45,21.8,41.0,146.0,818.0,0.06,0.55
773,NAGAUR,341508,"Desert, Sandy",0,0,2024-25,7.5,9.0,0.15,0.45,21.8,41.0,146.0,818.0,0.06,0.55
774,NAGAUR,341021,"Desert, Sandy",0,0,2024-25,7.5,9.0,0.15,0.45,21.8,41.0,146.0,818.0,0.06,0.55
775,NAGAUR,341516,"Desert, Sandy",0,0,2024-25,7.5,9.0,0.15,0.45,21.8,41.0,146.0,818.0,0.06,0.55
776,NAGAUR,341518,"Desert, Sandy",0,0,2024-25,7.5,9.0,0.15,0.45,21.8,41.0,146.0,818.0,0.06,0.55
777,NAGAUR,341302,"Desert, Sandy",0,0,2024-25,7.5,9.0,0.15,0.45,21.8,41.0,146.0,818.0,0.06,0.55
778,NAGAUR,341501,"Desert, Sandy",0,0,2024-25,7.5,9.0,0.15,0.45,21.8,41.0,146.0,818.0,0.06,0.55
779,NAGAUR,341515,"Desert, Sandy",0,0,2024-25,7.5,9.0,0.15,0.45,21.8,41.0,146.0,818.0,0.06,0.55
780,NAGAUR,341533,"Desert, Sandy",0,0,2024-25,7.5,9.0,0.15,0.45,21.8,41.0,146.0,818.0,0.06,0.55
781,NAGAUR,341003,"Desert, Sandy",0,0,2024-25,7.5,9.0,0.15,0.45,21.8,41.0,146.0,818.0,0.06,0.55
782,PALI,306001,"Sandy, Red, Loamy",0,0,2024-25,7.2,8.2,0.11,0.3,11.0,48.01,245.0,400.0,0.17,1.7
783,PALI,306021,"Sandy, Red, Loamy",0,0,2024-25,7.2,8.2,0.11,0.3,11.0,48.01,245.0,400.0,0.17,1.7
784,PALI,306114,"Sandy, Red, Loamy",0,0,2024-25,7.2,8.2,0.11,0.3,11.0,48.01,245.0,400.0,0.17,1.7
785,PALI,306701,"Sandy, Red, Loamy",0,0,2024-25,7.2,8.2,0.11,0.3,11.0,48.01,245.0,400.0,0.17,1.7
786,PALI,306601,"Sandy, Red, Loamy",0,0,2024-25,7.2,8.2,0.11,0.3,11.0,48.01,245.0,400.0,0.17,1.7
787,PALI,306602,"Sandy, Red, Loamy",0,0,2024-25,7.2,8.2,0.11,0.3,11.0,48.01,245.0,400.0,0.17,1.7
788,PALI,306703,"Sandy, Red, Loamy",0,0,2024-25,7.2,8.2,0.11,0.3,11.0,48.01,245.0,400.0,0.17,1.7
789,PALI,306116,"Sandy, Red, Loamy",0,0,2024-25,7.2,8.2,0.11,0.3,11.0,48.01,245.0,400.0,0.17,1.7
790,PALI,306126,"Sandy, Red, Loamy",0,0,2024-25,7.2,8.2,0.11,0.3,11.0,48.01,245.0,400.0,0.17,1.7
791,PALI,306022,"Sandy, Red, Loamy",0,0,2024-25,7.2,8.2,0.11,0.3,11.0,48.01,245.0,400.0,0.17,1.7
792,PALI,306502,"Sandy, Red, Loamy",0,0,2024-25,7.2,8.2,0.11,0.3,11.0,48.01,245.0,400.0,0.17,1.7
793,PALI,306706,"Sandy, Red, Loamy",0,0,2024-25,7.2,8.2,0.11,0.3,11.0,48.01,245.0,400.0,0.17,1.7
794,PALI,306604,"Sandy, Red, Loamy",0,0,2024-25,7.2,8.2,0.11,0.3,11.0,48.01,245.0,400.0,0.17,1.7
795,PALI,306504,"Sandy, Red, Loamy",0,0,2024-25,7.2,8.2,0.11,0.3,11.0,48.01,245.0,400.0,0.17,1.7
796,PALI,306023,"Sandy, Red, Loamy",0,0,2024-25,7.2,8.2,0.11,0.3,11.0,48.01,245.0,400.0,0.17,1.7
797,PALI,306115,"Sandy, Red, Loamy",0,0,2024-25,7.2,8.2,0.11,0.3,11.0,48.01,245.0,400.0,0.17,1.7
798,PALI,306702,"Sandy, Red, Loamy",0,0,2024-25,7.2,8.2,0.11,0.3,11.0,48.01,245.0,400.0,0.17,1.7
799,PALI,306707,"Sandy, Red, Loamy",0,0,2024-25,7.2,8.2,0.11,0.3,18.0,42.0,245.0,380.0,0.21,1.57
800,PALI,306103,"Sandy, Red, Loamy",0,0,2024-25,7.2,8.2,0.11,0.3,18.0,42.0,245.0,380.0,0.21,1.57
801,PALI,306503,"Sandy, Red, Loamy",0,0,2024-25,7.2,8.2,0.11,0.3,18.0,42.0,245.0,380.0,0.21,1.57
802,PALI,306401,"Sandy, Red, Loamy",0,0,2024-25,7.2,8.2,0.11,0.3,18.0,42.0,245.0,380.0,0.21,1.57
803,PALI,306301,"Sandy, Red, Loamy",0,0,2024-25,7.2,8.2,0.11,0.3,18.0,42.0,245.0,380.0,0.21,1.57
804,PALI,306101,"Sandy, Red, Loamy",0,0,2024-25,7.2,8.2,0.11,0.3,18.0,42.0,245.0,380.0,0.21,1.57
805,PALI,306901,"Sandy, Red, Loamy",0,0,2024-25,7.2,8.2,0.11,0.3,18.0,42.0,245.0,380.0,0.21,1.57
806,PALI,306306,"Sandy, Red, Loamy",0,0,2024-25,7.2,8.2,0.11,0.3,18.0,42.0,245.0,380.0,0.21,1.57
807,PALI,306422,"Sandy, Red, Loamy",0,0,2024-25,7.2,8.2,0.11,0.3,18.0,42.0,245.0,380.0,0.21,1.57
808,PALI,306302,"Sandy, Red, Loamy",0,0,2024-25,7.2,8.2,0.11,0.3,18.0,42.0,245.0,380.0,0.21,1.57
809,PALI,306305,"Sandy, Red, Loamy",0,0,2024-25,7.2,8.2,0.11,0.3,18.0,42.0,245.0,380.0,0.21,1.57
810,PALI,306303,"Sandy, Red, Loamy",0,0,2024-25,7.2,8.2,0.11,0.3,18.0,42.0,245.0,380.0,0.21,1.57
811,PALI,306304,"Sandy, Red, Loamy",0,0,2024-25,7.2,8.2,0.11,0.3,18.0,42.0,245.0,380.0,0.21,1.57
812,PALI,306421,"Sandy, Red, Loamy",0,0,2024-25,7.2,8.2,0.11,0.3,18.0,42.0,245.0,380.0,0.21,1.57
813,PALI,306708,"Sandy, Red, Loamy",0,0,2024-25,7.2,8.2,0.11,0.3,18.0,42.0,245.0,380.0,0.21,1.57
814,PALI,306102,"Sandy, Red, Loamy",0,0,2024-25,7.2,8.2,0.11,0.3,18.0,42.0,245.0,380.0,0.21,1.57
815,PALI,306104,"Sandy, Red, Loamy",0,0,2024-25,7.2,8.2,0.11,0.3,18.0,42.0,245.0,380.0,0.21,1.57
816,PALI,306902,"Sandy, Red, Loamy",0,0,2024-25,7.2,8.2,0.11,0.3,18.0,42.0,245.0,380.0,0.21,1.57
817,PALI,306912,"Sandy, Red, Loamy",0,0,2024-25,7.2,8.2,0.11,0.3,18.0,42.0,245.0,380.0,0.21,1.57
818,PALI,306501,"Sandy, Red, Loamy",0,0,2024-25,7.2,8.2,0.11,0.3,18.0,42.0,245.0,380.0,0.21,1.57
819,PALI,306308,"Sandy, Red, Loamy",0,0,2024-25,7.2,8.2,0.11,0.3,18.0,42.0,245.0,380.0,0.21,1.57
820,PALI,306709,"Sandy, Red, Loamy",0,0,2024-25,7.2,8.2,0.11,0.3,18.0,42.0,245.0,380.0,0.21,1.57
821,PALI,306704,"Sandy, Red, Loamy",0,0,2024-25,7.2,8.2,0.11,0.3,18.0,42.0,245.0,380.0,0.21,1.57
822,PALI,306705,"Sandy, Red, Loamy",0,0,2024-25,7.2,8.2,0.11,0.3,18.0,42.0,245.0,380.0,0.21,1.57
823,PALI,306603,"Sandy, Red, Loamy",0,0,2024-25,7.2,8.2,0.11,0.3,18.0,42.0,245.0,380.0,0.21,1.57
824,PALI,306105,"Sandy, Red, Loamy",0,0,2024-25,7.2,8.2,0.11,0.3,18.0,42.0,245.0,380.0,0.21,1.57
825,PALI,306119,"Sandy, Red, Loamy",0,0,2024-25,7.2,8.2,0.11,0.3,18.0,42.0,245.0,380.0,0.21,1.57
826,PALI,306307,"Sandy, Red, Loamy",0,0,2024-25,7.2,8.2,0.11,0.3,18.0,42.0,245.0,380.0,0.21,1.57
827,PRATAPGARH,312626,"Red, Black",0,0,2024-25,6.0,7.5,0.21,0.66,20.0,56.0,176.0,634.0,0.31,1.2
828,PRATAPGARH,312615,"Red, Black",0,0,2024-25,6.0,7.5,0.21,0.66,20.0,56.0,176.0,634.0,0.31,1.2
829,PRATAPGARH,312604,"Red, Black",0,0,2024-25,6.0,7.5,0.21,0.66,20.0,56.0,176.0,634.0,0.31,1.2
830,PRATAPGARH,312619,"Red, Black",0,0,2024-25,6.0,7.5,0.21,0.66,20.0,56.0,176.0,634.0,0.31,1.2
831,PRATAPGARH,312616,"Red, Black",0,0,2024-25,6.0,7.5,0.21,0.66,20.0,56.0,176.0,634.0,0.31,1.2
832,PRATAPGARH,312605,"Red, Black",0,0,2024-25,6.0,7.5,0.21,0.66,20.0,56.0,176.0,634.0,0.31,1.2
833,PRATAPGARH,312623,"Red, Black",0,0,2024-25,6.0,7.5,0.21,0.66,20.0,56.0,176.0,634.0,0.31,1.2
834,PRATAPGARH,312625,"Red, Black",0,0,2024-25,6.0,7.5,0.21,0.66,20.0,56.0,176.0,634.0,0.31,1.2
835,PRATAPGARH,312624,"Red, Black",0,0,2024-25,6.0,7.5,0.21,0.66,20.0,56.0,176.0,634.0,0.31,1.2
836,RAJSAMAND,313204,"Red, Sandy, Loamy",0,0,2024-25,6.5,8.0,0.25,0.65,13.0,26.0,299.0,386.0,0.14,1.6
837,RAJSAMAND,313206,"Red, Sandy, Loamy",0,0,2024-25,6.5,8.0,0.25,0.65,13.0,26.0,299.0,386.0,0.14,1.6
838,RAJSAMAND,313324,"Red, Sandy, Loamy",0,0,2024-25,6.5,8.0,0.25,0.65,13.0,26.0,299.0,386.0,0.14,1.6
839,RAJSAMAND,313341,"Red, Sandy, Loamy",0,0,2024-25,6.5,8.0,0.25,0.65,13.0,26.0,299.0,386.0,0.14,1.6
840,RAJSAMAND,313332,"Red, Sandy, Loamy",0,0,2024-25,6.5,8.0,0.25,0.65,13.0,26.0,299.0,386.0,0.14,1.6
841,RAJSAMAND,313333,"Red, Sandy, Loamy",0,0,2024-25,6.5,8.0,0.25,0.65,13.0,26.0,299.0,386.0,0.14,1.6
842,RAJSAMAND,313202,"Red, Sandy, Loamy",0,0,2024-25,6.5,8.0,0.25,0.65,13.0,26.0,299.0,386.0,0.14,1.6
843,RAJSAMAND,313207,"Red, Sandy, Loamy",0,0,2024-25,6.5,8.0,0.25,0.65,13.0,26.0,299.0,386.0,0.14,1.6
844,RAJSAMAND,313321,"Red, Sandy, Loamy",0,0,2024-25,6.5,8.0,0.25,0.65,13.0,26.0,299.0,386.0,0.14,1.6
845,RAJSAMAND,313334,"Red, Sandy, Loamy",0,0,2024-25,6.5,8.0,0.25,0.65,13.0,26.0,299.0,386.0,0.14,1.6
846,RAJSAMAND,313325,"Red, Sandy, Loamy",0,0,2024-25,6.5,8.0,0.25,0.65,13.0,26.0,299.0,386.0,0.14,1.6
847,RAJSAMAND,313322,"Red, Sandy, Loamy",0,0,2024-25,6.5,8.0,0.25,0.65,13.0,26.0,299.0,386.0,0.14,1.6
848,RAJSAMAND,313327,"Red, Sandy, Loamy",0,0,2024-25,6.5,8.0,0.25,0.65,13.0,26.0,299.0,386.0,0.14,1.6
849,RAJSAMAND,313328,"Red, Sandy, Loamy",0,0,2024-25,6.5,8.0,0.25,0.65,13.0,26.0,299.0,386.0,0.14,1.6
850,RAJSAMAND,313301,"Red, Sandy, Loamy",0,0,2024-25,6.5,8.0,0.25,0.65,13.0,26.0,299.0,386.0,0.14,1.6
851,RAJSAMAND,313329,"Red, Sandy, Loamy",0,0,2024-25,6.5,8.0,0.25,0.65,13.0,26.0,299.0,386.0,0.14,1.6
852,RAJSAMAND,305921,"Red, Sandy, Loamy",0,0,2024-25,6.5,8.0,0.25,0.65,13.0,26.0,299.0,386.0,0.14,1.6
853,RAJSAMAND,313342,"Red, Sandy, Loamy",0,0,2024-25,6.5,8.0,0.25,0.65,13.0,26.0,299.0,386.0,0.14,1.6
854,RAJSAMAND,313211,"Red, Sandy, Loamy",0,0,2024-25,6.5,8.0,0.25,0.65,13.0,26.0,299.0,386.0,0.14,1.6
855,RAJSAMAND,313331,"Red, Sandy, Loamy",0,0,2024-25,6.5,8.0,0.25,0.65,13.0,26.0,299.0,386.0,0.14,1.6
856,RAJSAMAND,313323,"Red, Sandy, Loamy",0,0,2024-25,6.5,8.0,0.25,0.65,13.0,26.0,299.0,386.0,0.14,1.6
857,RAJSAMAND,313330,"Red, Sandy, Loamy",0,0,2024-25,6.5,8.0,0.25,0.65,13.0,26.0,299.0,386.0,0.14,1.6
858,RAJSAMAND,313011,"Red, Sandy, Loamy",0,0,2024-25,6.5,8.0,0.25,0.65,13.0,26.0,299.0,386.0,0.14,1.6
859,SAWAI MADHOPUR,322201,"Black, Loamy",26.75-227.91,0.99,2024-25,6.5,8.0,0.2,0.63,9.19,39.78,177.52,325.0,0.08,0.14
860,SAWAI MADHOPUR,322211,"Black, Loamy",26.75-227.91,0.99,2024-25,6.5,8.0,0.2,0.63,9.19,39.78,177.52,325.0,0.08,0.14
861,SAWAI MADHOPUR,322205,"Black, Loamy",26.75-227.91,0.99,2024-25,6.5,8.0,0.2,0.63,9.19,39.78,177.52,325.0,0.08,0.14
862,SAWAI MADHOPUR,322214,"Black, Loamy",26.75-227.91,0.99,2024-25,6.5,8.0,0.2,0.63,9.19,39.78,177.52,325.0,0.08,0.14
863,SAWAI MADHOPUR,322001,"Black, Loamy",26.75-227.91,0.99,2024-25,6.5,8.0,0.2,0.63,9.19,39.78,177.52,325.0,0.08,0.14
864,SAWAI MADHOPUR,322023,"Black, Loamy",26.75-227.91,0.99,2024-25,6.5,8.0,0.2,0.63,9.19,39.78,177.52,325.0,0.08,0.14
865,SAWAI MADHOPUR,322034,"Black, Loamy",26.75-227.91,0.99,2024-25,6.5,8.0,0.2,0.63,9.19,39.78,177.52,325.0,0.08,0.14
866,SAWAI MADHOPUR,322702,"Black, Loamy",26.75-227.91,0.99,2024-25,6.5,8.0,0.2,0.63,9.19,39.78,177.52,325.0,0.08,0.14
867,SAWAI MADHOPUR,322025,"Black, Loamy",26.75-227.91,0.99,2024-25,6.5,8.0,0.2,0.63,9.19,39.78,177.52,325.0,0.08,0.14
868,SAWAI MADHOPUR,322024,"Black, Loamy",26.75-227.91,0.99,2024-25,6.5,8.0,0.2,0.63,9.19,39.78,177.52,325.0,0.08,0.14
869,SAWAI MADHOPUR,322029,"Black, Loamy",26.75-227.91,0.99,2024-25,6.5,8.0,0.2,0.63,9.19,39.78,177.52,325.0,0.08,0.14
870,SAWAI MADHOPUR,322030,"Black, Loamy",26.75-227.91,0.99,2024-25,6.5,8.0,0.2,0.63,9.19,39.78,177.52,325.0,0.08,0.14
871,SAWAI MADHOPUR,322028,"Black, Loamy",26.75-227.91,0.99,2024-25,6.5,8.0,0.2,0.63,9.19,39.78,177.52,325.0,0.08,0.14
872,SAWAI MADHOPUR,322027,"Black, Loamy",26.75-227.91,0.99,2024-25,6.5,8.0,0.2,0.63,9.19,39.78,177.52,325.0,0.08,0.14
873,SAWAI MADHOPUR,322021,"Black, Loamy",26.75-227.91,0.99,2024-25,6.5,8.0,0.2,0.63,9.19,39.78,177.52,325.0,0.08,0.14
874,SAWAI MADHOPUR,322703,"Black, Loamy",26.75-227.91,0.99,2024-25,6.5,8.0,0.2,0.63,9.19,39.78,177.52,325.0,0.08,0.14
875,SAWAI MADHOPUR,322026,"Black, Loamy",26.75-227.91,0.99,2024-25,6.5,8.0,0.2,0.63,9.19,39.78,177.52,325.0,0.08,0.14
876,SAWAI MADHOPUR,322701,"Black, Loamy",26.75-227.91,0.99,2024-25,6.5,8.0,0.2,0.63,9.19,39.78,177.52,325.0,0.08,0.14
877,SAWAI MADHOPUR,322704,"Black, Loamy",26.75-227.91,0.99,2024-25,6.5,8.0,0.2,0.63,9.19,39.78,177.52,325.0,0.08,0.14
878,SIKAR,332021,"Sandy, Loamy",0,0,2024-25,7.0,8.4,0.21,0.4,27.0,42.0,260.0,210.0,0.11,0.19
879,SIKAR,332401,"Sandy, Loamy",0,0,2024-25,7.0,8.4,0.21,0.4,27.0,42.0,260.0,210.0,0.11,0.19
880,SIKAR,332316,"Sandy, Loamy",0,0,2024-25,7.0,8.4,0.21,0.4,27.0,42.0,260.0,210.0,0.11,0.19
881,SIKAR,332303,"Sandy, Loamy",0,0,2024-25,7.0,8.4,0.21,0.4,27.0,42.0,260.0,210.0,0.11,0.19
882,SIKAR,332301,"Sandy, Loamy",0,0,2024-25,7.0,8.4,0.21,0.4,27.0,42.0,260.0,210.0,0.11,0.19
883,SIKAR,332029,"Sandy, Loamy",0,0,2024-25,7.0,8.4,0.21,0.4,27.0,42.0,260.0,210.0,0.11,0.19
884,SIKAR,332318,"Sandy, Loamy",0,0,2024-25,7.0,8.4,0.21,0.4,27.0,42.0,260.0,210.0,0.11,0.19
885,SIKAR,332024,"Sandy, Loamy",0,0,2024-25,7.0,8.4,0.21,0.4,27.0,42.0,260.0,210.0,0.11,0.19
886,SIKAR,332023,"Sandy, Loamy",0,0,2024-25,7.0,8.4,0.21,0.4,27.0,42.0,260.0,210.0,0.11,0.19
887,SIKAR,332406,"Sandy, Loamy",0,0,2024-25,7.0,8.4,0.21,0.4,27.0,42.0,260.0,210.0,0.11,0.19
888,SIKAR,332031,"Sandy, Loamy",0,0,2024-25,7.0,8.4,0.21,0.4,27.0,42.0,260.0,210.0,0.11,0.19
889,SIKAR,332311,"Sandy, Loamy",0,0,2024-25,7.0,8.4,0.21,0.4,27.0,42.0,260.0,210.0,0.11,0.19
890,SIKAR,332025,"Sandy, Loamy",0,0,2024-25,7.0,8.4,0.21,0.4,27.0,42.0,260.0,210.0,0.11,0.19
891,SIKAR,332026,"Sandy, Loamy",0,0,2024-25,7.0,8.4,0.21,0.4,27.0,42.0,260.0,210.0,0.11,0.19
892,SIKAR,332402,"Sandy, Loamy",0,0,2024-25,7.0,8.4,0.21,0.4,27.0,42.0,260.0,210.0,0.11,0.19
893,SIKAR,332312,"Sandy, Loamy",0,0,2024-25,7.0,8.4,0.21,0.4,27.0,42.0,260.0,210.0,0.11,0.19
894,SIKAR,332041,"Sandy, Loamy",0,0,2024-25,7.0,8.4,0.21,0.4,27.0,42.0,260.0,210.0,0.11,0.19
895,SIKAR,332027,"Sandy, Loamy",0,0,2024-25,7.0,8.4,0.21,0.4,27.0,42.0,260.0,210.0,0.11,0.19
896,SIKAR,331024,"Sandy, Loamy",0,0,2024-25,7.0,8.4,0.21,0.4,27.0,42.0,260.0,210.0,0.11,0.19
897,SIKAR,332403,"Sandy, Loamy",0,0,2024-25,7.0,8.4,0.21,0.4,27.0,42.0,260.0,210.0,0.11,0.19
898,SIKAR,332304,"Sandy, Loamy",0,0,2024-25,7.0,8.4,0.21,0.4,27.0,42.0,260.0,210.0,0.11,0.19
899,SIKAR,332317,"Sandy, Loamy",0,0,2024-25,7.0,8.4,0.21,0.4,27.0,42.0,260.0,210.0,0.11,0.19
900,SIKAR,332405,"Sandy, Loamy",0,0,2024-25,7.0,8.4,0.21,0.4,27.0,42.0,260.0,210.0,0.11,0.19
901,SIKAR,332028,"Sandy, Loamy",0,0,2024-25,7.0,8.4,0.21,0.4,27.0,42.0,260.0,210.0,0.11,0.19
902,SIKAR,332042,"Sandy, Loamy",0,0,2024-25,7.0,8.4,0.21,0.4,27.0,42.0,260.0,210.0,0.11,0.19
903,SIKAR,332715,"Sandy, Loamy",0,0,2024-25,7.0,8.4,0.21,0.4,27.0,42.0,260.0,210.0,0.11,0.19
904,SIKAR,332701,"Sandy, Loamy",0,0,2024-25,7.0,8.4,0.21,0.4,27.0,42.0,260.0,210.0,0.11,0.19
905,SIKAR,332411,"Sandy, Loamy",0,0,2024-25,7.0,8.4,0.21,0.4,27.0,42.0,260.0,210.0,0.11,0.19
906,SIKAR,332601,"Sandy, Loamy",0,0,2024-25,7.0,8.4,0.21,0.4,27.0,42.0,260.0,210.0,0.11,0.19
907,SIKAR,332702,"Sandy, Loamy",0,0,2024-25,7.0,8.4,0.21,0.4,27.0,42.0,260.0,210.0,0.11,0.19
908,SIKAR,332705,"Sandy, Loamy",0,0,2024-25,7.0,8.4,0.21,0.4,27.0,42.0,260.0,210.0,0.11,0.19
909,SIKAR,332722,"Sandy, Loamy",0,0,2024-25,7.0,8.4,0.21,0.4,27.0,42.0,260.0,210.0,0.11,0.19
910,SIKAR,332708,"Sandy, Loamy",0,0,2024-25,7.0,8.4,0.21,0.4,27.0,42.0,260.0,210.0,0.11,0.19
911,SIKAR,332710,"Sandy, Loamy",0,0,2024-25,7.0,8.4,0.21,0.4,27.0,42.0,260.0,210.0,0.11,0.19
912,SIKAR,332709,"Sandy, Loamy",0,0,2024-25,7.0,8.4,0.21,0.4,27.0,42.0,260.0,210.0,0.11,0.19
913,SIKAR,332602,"Sandy, Loamy",0,0,2024-25,7.0,8.4,0.21,0.4,27.0,42.0,260.0,210.0,0.11,0.19
914,SIKAR,332742,"Sandy, Loamy",0,0,2024-25,7.0,8.4,0.21,0.4,27.0,42.0,260.0,210.0,0.11,0.19
915,SIKAR,332711,"Sandy, Loamy",0,0,2024-25,7.0,8.4,0.21,0.4,27.0,42.0,260.0,210.0,0.11,0.19
916,SIKAR,332713,"Sandy, Loamy",0,0,2024-25,7.0,8.4,0.21,0.4,27.0,42.0,260.0,210.0,0.11,0.19
917,SIKAR,332718,"Sandy, Loamy",0,0,2024-25,7.0,8.4,0.21,0.4,27.0,42.0,260.0,210.0,0.11,0.19
918,SIKAR,332404,"Sandy, Loamy",0,0,2024-25,7.0,8.4,0.21,0.4,27.0,42.0,260.0,210.0,0.11,0.19
919,SIKAR,332719,"Sandy, Loamy",0,0,2024-25,7.0,8.4,0.21,0.4,27.0,42.0,260.0,210.0,0.11,0.19
920,SIKAR,332001,"Sandy, Loamy",0,0,2024-25,7.0,8.4,0.21,0.4,27.0,42.0,260.0,210.0,0.11,0.19
921,SIKAR,332307,"Sandy, Loamy",0,0,2024-25,7.0,8.4,0.21,0.4,27.0,42.0,260.0,210.0,0.11,0.19
922,SIKAR,332703,"Sandy, Loamy",0,0,2024-25,7.0,8.4,0.21,0.4,27.0,42.0,260.0,210.0,0.11,0.19
923,SIKAR,332706,"Sandy, Loamy",0,0,2024-25,7.0,8.4,0.21,0.4,27.0,42.0,260.0,210.0,0.11,0.19
924,SIKAR,332721,"Sandy, Loamy",0,0,2024-25,7.0,8.4,0.21,0.4,27.0,42.0,260.0,210.0,0.11,0.19
925,SIKAR,332714,"Sandy, Loamy",0,0,2024-25,7.0,8.4,0.21,0.4,27.0,42.0,260.0,210.0,0.11,0.19
926,SIKAR,332305,"Sandy, Loamy",0,0,2024-25,7.0,8.4,0.21,0.4,27.0,42.0,260.0,210.0,0.11,0.19
927,SIKAR,332030,"Sandy, Loamy",0,0,2024-25,7.0,8.4,0.21,0.4,27.0,42.0,260.0,210.0,0.11,0.19
928,SIKAR,332707,"Sandy, Loamy",0,0,2024-25,7.0,8.4,0.21,0.4,27.0,42.0,260.0,210.0,0.11,0.19
929,SIKAR,332603,"Sandy, Loamy",0,0,2024-25,7.0,8.4,0.21,0.4,27.0,42.0,260.0,210.0,0.11,0.19
930,SIKAR,332712,"Sandy, Loamy",0,0,2024-25,7.0,8.4,0.21,0.4,27.0,42.0,260.0,210.0,0.11,0.19
931,SIKAR,332302,"Sandy, Loamy",0,0,2024-25,7.0,8.4,0.21,0.4,27.0,42.0,260.0,210.0,0.11,0.19
932,SIKAR,332002,"Sandy, Loamy",0,0,2024-25,7.0,8.4,0.21,0.4,27.0,42.0,260.0,210.0,0.11,0.19
933,SIKAR,332315,"Sandy, Loamy",0,0,2024-25,7.0,8.4,0.21,0.4,27.0,42.0,260.0,210.0,0.11,0.19
934,SIKAR,332003,"Sandy, Loamy",0,0,2024-25,7.0,8.4,0.21,0.4,27.0,42.0,260.0,210.0,0.11,0.19
935,SIROHI,307001,"Red, Loamy, Rocky",0,0,2024-25,6.5,8.0,0.24,0.46,24.0,42.0,188.0,280.0,0.24,0.83
936,SIROHI,307501,"Red, Loamy, Rocky",1,1,2024-25,6.5,8.0,0.24,0.47,24.0,43.0,188.0,281.0,0.24,0.84
937,SIROHI,307026,"Red, Loamy, Rocky",2,2,2024-25,6.5,8.0,0.24,0.48,24.0,44.0,188.0,282.0,0.24,0.85
938,SIROHI,307801,"Red, Loamy, Rocky",3,3,2024-25,6.5,8.0,0.24,0.49,24.0,45.0,188.0,283.0,0.24,0.86
939,SIROHI,307032,"Red, Loamy, Rocky",4,4,2024-25,6.5,8.0,0.24,0.5,24.0,46.0,188.0,284.0,0.24,0.87
940,SIROHI,307512,"Red, Loamy, Rocky",5,5,2024-25,6.5,8.0,0.24,0.51,24.0,47.0,188.0,285.0,0.24,0.88
941,SIROHI,307019,"Red, Loamy, Rocky",6,6,2024-25,6.5,8.0,0.24,0.52,24.0,48.0,188.0,286.0,0.24,0.89
942,SIROHI,307513,"Red, Loamy, Rocky",7,7,2024-25,6.5,8.0,0.24,0.53,24.0,49.0,188.0,287.0,0.24,0.9
943,SIROHI,307043,"Red, Loamy, Rocky",8,8,2024-25,6.5,8.0,0.24,0.54,24.0,50.0,188.0,288.0,0.24,0.91
944,SIROHI,307022,"Red, Loamy, Rocky",9,9,2024-25,6.5,8.0,0.24,0.55,24.0,51.0,188.0,289.0,0.24,0.92
945,SIROHI,307028,"Red, Loamy, Rocky",10,10,2024-25,6.5,8.0,0.24,0.56,24.0,52.0,188.0,290.0,0.24,0.93
946,SIROHI,307024,"Red, Loamy, Rocky",11,11,2024-25,6.5,8.0,0.24,0.57,24.0,53.0,188.0,291.0,0.24,0.94
947,SIROHI,307023,"Red, Loamy, Rocky",12,12,2024-25,6.5,8.0,0.24,0.58,24.0,54.0,188.0,292.0,0.24,0.95
948,SIROHI,307510,"Red, Loamy, Rocky",13,13,2024-25,6.5,8.0,0.24,0.59,24.0,55.0,188.0,293.0,0.24,0.96
949,SIROHI,307027,"Red, Loamy, Rocky",14,14,2024-25,6.5,8.0,0.24,0.6,24.0,56.0,188.0,294.0,0.24,0.97
950,SIROHI,307511,"Red, Loamy, Rocky",15,15,2024-25,6.5,8.0,0.24,0.61,24.0,57.0,188.0,295.0,0.24,0.98
951,SIROHI,307802,"Red, Loamy, Rocky",16,16,2024-25,6.5,8.0,0.24,0.62,24.0,58.0,188.0,296.0,0.24,0.99
952,SIROHI,307514,"Red, Loamy, Rocky",17,17,2024-25,6.5,8.0,0.24,0.63,24.0,59.0,188.0,297.0,0.24,0.1
953,SIROHI,307031,"Red, Loamy, Rocky",18,18,2024-25,6.5,8.0,0.24,0.64,24.0,60.0,188.0,298.0,0.24,0.101
954,TONK,304001,"Sandy, Loamy",0-343,0-343,2024-25,7.0,8.2,0.32,0.92,16.0,52.0,2.4,350.0,0.2,2.5
955,TONK,304023,"Sandy, Loamy",0-344,0-344,2024-25,7.0,8.2,0.32,0.93,16.0,53.0,2.4,351.0,0.2,2.6
956,TONK,304804,"Sandy, Loamy",0-345,0-345,2024-25,7.0,8.2,0.32,0.94,16.0,54.0,2.4,352.0,0.2,2.7
957,TONK,304504,"Sandy, Loamy",0-346,0-346,2024-25,7.0,8.2,0.32,0.95,16.0,55.0,2.4,353.0,0.2,2.8
958,TONK,304026,"Sandy, Loamy",0-347,0-347,2024-25,7.0,8.2,0.32,0.96,16.0,56.0,2.4,354.0,0.2,2.9
959,TONK,304802,"Sandy, Loamy",0-348,0-348,2024-25,7.0,8.2,0.32,0.97,16.0,57.0,2.4,355.0,0.2,2.1
960,TONK,304025,"Sandy, Loamy",0-349,0-349,2024-25,7.0,8.2,0.32,0.98,16.0,58.0,2.4,356.0,0.2,2.11
961,TONK,304503,"Sandy, Loamy",0-350,0-350,2024-25,7.0,8.2,0.32,0.99,16.0,59.0,2.4,357.0,0.2,2.12
962,TONK,304021,"Sandy, Loamy",0-351,0-351,2024-25,7.0,8.2,0.32,0.1,16.0,60.0,2.4,358.0,0.2,2.13
963,TONK,304505,"Sandy, Loamy",0-352,0-352,2024-25,7.0,8.2,0.32,0.101,16.0,61.0,2.4,359.0,0.2,2.14
964,TONK,304024,"Sandy, Loamy",0-353,0-353,2024-25,7.0,8.2,0.32,0.102,16.0,62.0,2.4,360.0,0.2,2.15
965,TONK,304501,"Sandy, Loamy",0-354,0-354,2024-25,7.0,8.2,0.32,0.103,16.0,63.0,2.4,361.0,0.2,2.16
966,TONK,304022,"Sandy, Loamy",0-355,0-355,2024-25,7.0,8.2,0.32,0.104,16.0,64.0,2.4,362.0,0.2,2.17
967,TONK,304507,"Sandy, Loamy",0-356,0-356,2024-25,7.0,8.2,0.32,0.105,16.0,65.0,2.4,363.0,0.2,2.18
968,TONK,304803,"Sandy, Loamy",0-357,0-357,2024-25,7.0,8.2,0.32,0.106,16.0,66.0,2.4,364.0,0.2,2.19
969,TONK,304801,"Sandy, Loamy",0-358,0-358,2024-25,7.0,8.2,0.32,0.107,16.0,67.0,2.4,365.0,0.2,2.2
970,UDAIPUR,313604,"Red, Forest, Loamy",0-28,0,2024-25,6.0,7.5,0.294,0.68,16.0,28.0,95.0,174.0,0.11,0.53
971,UDAIPUR,313201,"Red, Forest, Loamy",0-29,1,2024-25,6.0,7.5,0.294,0.69,16.0,29.0,95.0,175.0,0.11,0.54
972,UDAIPUR,313803,"Red, Forest, Loamy",0-30,2,2024-25,6.0,7.5,0.294,0.7,16.0,30.0,95.0,176.0,0.11,0.55
973,UDAIPUR,307025,"Red, Forest, Loamy",0-31,3,2024-25,6.0,7.5,0.294,0.71,16.0,31.0,95.0,177.0,0.11,0.56
974,UDAIPUR,313703,"Red, Forest, Loamy",0-32,4,2024-25,6.0,7.5,0.294,0.72,16.0,32.0,95.0,178.0,0.11,0.57
975,UDAIPUR,313203,"Red, Forest, Loamy",0-33,5,2024-25,6.0,7.5,0.294,0.73,16.0,33.0,95.0,179.0,0.11,0.58
976,UDAIPUR,313702,"Red, Forest, Loamy",0-34,6,2024-25,6.0,7.5,0.294,0.74,16.0,34.0,95.0,180.0,0.11,0.59
977,UDAIPUR,313708,"Red, Forest, Loamy",0-35,7,2024-25,6.0,7.5,0.294,0.75,16.0,35.0,95.0,181.0,0.11,0.6
978,UDAIPUR,313906,"Red, Forest, Loamy",0-36,8,2024-25,6.0,7.5,0.294,0.76,16.0,36.0,95.0,182.0,0.11,0.61
979,UDAIPUR,313701,"Red, Forest, Loamy",0-37,9,2024-25,6.0,7.5,0.294,0.77,16.0,37.0,95.0,183.0,0.11,0.62
980,UDAIPUR,313802,"Red, Forest, Loamy",0-38,10,2024-25,6.0,7.5,0.294,0.78,16.0,38.0,95.0,184.0,0.11,0.63
981,UDAIPUR,313027,"Red, Forest, Loamy",0-39,11,2024-25,6.0,7.5,0.294,0.79,16.0,39.0,95.0,185.0,0.11,0.64
982,UDAIPUR,313704,"Red, Forest, Loamy",0-40,12,2024-25,6.0,7.5,0.294,0.8,16.0,40.0,95.0,186.0,0.11,0.65
983,UDAIPUR,313903,"Red, Forest, Loamy",0-41,13,2024-25,6.0,7.5,0.294,0.81,16.0,41.0,95.0,187.0,0.11,0.66
984,UDAIPUR,313805,"Red, Forest, Loamy",0-42,14,2024-25,6.0,7.5,0.294,0.82,16.0,42.0,95.0,188.0,0.11,0.67
985,UDAIPUR,313003,"Red, Forest, Loamy",0-43,15,2024-25,6.0,7.5,0.294,0.83,16.0,43.0,95.0,189.0,0.11,0.68
986,UDAIPUR,313601,"Red, Forest, Loamy",0-44,16,2024-25,6.0,7.5,0.294,0.84,16.0,44.0,95.0,190.0,0.11,0.69
987,UDAIPUR,313901,"Red, Forest, Loamy",0-45,17,2024-25,6.0,7.5,0.294,0.85,16.0,45.0,95.0,191.0,0.11,0.7
988,UDAIPUR,313024,"Red, Forest, Loamy",0-46,18,2024-25,6.0,7.5,0.294,0.86,16.0,46.0,95.0,192.0,0.11,0.71
989,UDAIPUR,313706,"Red, Forest, Loamy",0-47,19,2024-25,6.0,7.5,0.294,0.87,16.0,47.0,95.0,193.0,0.11,0.72
990,UDAIPUR,313904,"Red, Forest, Loamy",0-48,20,2024-25,6.0,7.5,0.294,0.88,16.0,48.0,95.0,194.0,0.11,0.73
991,UDAIPUR,313804,"Red, Forest, Loamy",0-49,21,2024-25,6.0,7.5,0.294,0.89,16.0,49.0,95.0,195.0,0.11,0.74
992,UDAIPUR,313022,"Red, Forest, Loamy",0-50,22,2024-25,6.0,7.5,0.294,0.9,16.0,50.0,95.0,196.0,0.11,0.75
993,UDAIPUR,313205,"Red, Forest, Loamy",0-51,23,2024-25,6.0,7.5,0.294,0.91,16.0,51.0,95.0,197.0,0.11,0.76
994,UDAIPUR,313705,"Red, Forest, Loamy",0-52,24,2024-25,6.0,7.5,0.294,0.92,16.0,52.0,95.0,198.0,0.11,0.77
995,UDAIPUR,313026,"Red, Forest, Loamy",0-53,25,2024-25,6.0,7.5,0.294,0.93,16.0,53.0,95.0,199.0,0.11,0.78
996,UDAIPUR,313905,"Red, Forest, Loamy",0-54,26,2024-25,6.0,7.5,0.294,0.94,16.0,54.0,95.0,200.0,0.11,0.79
997,UDAIPUR,313038,"Red, Forest, Loamy",0-55,27,2024-25,6.0,7.5,0.294,0.95,16.0,55.0,95.0,201.0,0.11,0.8
998,UDAIPUR,313001,"Red, Forest, Loamy",0-56,28,2024-25,6.0,7.5,0.294,0.96,16.0,56.0,95.0,202.0,0.11,0.81
999,UDAIPUR,313603,"Red, Forest, Loamy",0-57,29,2024-25,6.0,7.5,0.294,0.97,16.0,57.0,95.0,203.0,0.11,0.82
1000,UDAIPUR,313602,"Red, Forest, Loamy",0-58,30,2024-25,6.0,7.5,0.294,0.98,16.0,58.0,95.0,204.0,0.11,0.83
1001,UDAIPUR,313801,"Red, Forest, Loamy",0-59,31,2024-25,6.0,7.5,0.294,0.99,16.0,59.0,95.0,205.0,0.11,0.84
1002,UDAIPUR,313902,"Red, Forest, Loamy",0-60,32,2024-25,6.0,7.5,0.294,0.1,16.0,60.0,95.0,206.0,0.11,0.85
1003,UDAIPUR,313031,"Red, Forest, Loamy",0-61,33,2024-25,6.0,7.5,0.294,0.101,16.0,61.0,95.0,207.0,0.11,0.86
1004,UDAIPUR,313002,"Red, Forest, Loamy",0-62,34,2024-25,6.0,7.5,0.294,0.102,16.0,62.0,95.0,208.0,0.11,0.87
1005,UDAIPUR,313004,"Red, Forest, Loamy",0-63,35,2024-25,6.0,7.5,0.294,0.103,16.0,63.0,95.0,209.0,0.11,0.88
1006,UDAIPUR,313806,"Red, Forest, Loamy",0-64,36,2024-25,6.0,7.5,0.294,0.104,16.0,64.0,95.0,210.0,0.11,0.89
